date,sentiment,0
2015-01-01,-1,25
2015-01-01,0,82
2015-01-01,1,83
2015-01-02,-1,123
2015-01-02,0,358
2015-01-02,1,262
2015-01-03,-1,70
2015-01-03,0,204
2015-01-03,1,241
2015-01-04,-1,37
2015-01-04,0,141
2015-01-04,1,181
2015-01-05,-1,151
2015-01-05,0,340
2015-01-05,1,377
2015-01-06,-1,177
2015-01-06,0,505
2015-01-06,1,521
2015-01-07,-1,189
2015-01-07,0,529
2015-01-07,1,499
2015-01-08,-1,169
2015-01-08,0,613
2015-01-08,1,560
2015-01-09,-1,158
2015-01-09,0,549
2015-01-09,1,495
2015-01-10,-1,52
2015-01-10,0,311
2015-01-10,1,236
2015-01-11,-1,26
2015-01-11,0,124
2015-01-11,1,152
2015-01-12,-1,102
2015-01-12,0,343
2015-01-12,1,295
2015-01-13,-1,135
2015-01-13,0,533
2015-01-13,1,525
2015-01-14,-1,167
2015-01-14,0,512
2015-01-14,1,451
2015-01-15,-1,205
2015-01-15,0,524
2015-01-15,1,349
2015-01-16,-1,205
2015-01-16,0,551
2015-01-16,1,384
2015-01-17,-1,108
2015-01-17,0,298
2015-01-17,1,205
2015-01-18,-1,33
2015-01-18,0,117
2015-01-18,1,94
2015-01-19,-1,50
2015-01-19,0,199
2015-01-19,1,160
2015-01-20,-1,99
2015-01-20,0,356
2015-01-20,1,315
2015-01-21,-1,137
2015-01-21,0,509
2015-01-21,1,424
2015-01-22,-1,106
2015-01-22,0,573
2015-01-22,1,330
2015-01-23,-1,168
2015-01-23,0,654
2015-01-23,1,411
2015-01-24,-1,77
2015-01-24,0,299
2015-01-24,1,283
2015-01-25,-1,37
2015-01-25,0,160
2015-01-25,1,177
2015-01-26,-1,126
2015-01-26,0,484
2015-01-26,1,396
2015-01-27,-1,186
2015-01-27,0,603
2015-01-27,1,555
2015-01-28,-1,990
2015-01-28,0,2973
2015-01-28,1,2882
2015-01-29,-1,355
2015-01-29,0,956
2015-01-29,1,860
2015-01-30,-1,260
2015-01-30,0,846
2015-01-30,1,742
2015-01-31,-1,123
2015-01-31,0,309
2015-01-31,1,340
2015-02-01,-1,59
2015-02-01,0,231
2015-02-01,1,220
2015-02-02,-1,139
2015-02-02,0,401
2015-02-02,1,315
2015-02-03,-1,166
2015-02-03,0,583
2015-02-03,1,381
2015-02-04,-1,168
2015-02-04,0,744
2015-02-04,1,581
2015-02-05,-1,164
2015-02-05,0,611
2015-02-05,1,473
2015-02-06,-1,183
2015-02-06,0,521
2015-02-06,1,337
2015-02-07,-1,94
2015-02-07,0,266
2015-02-07,1,201
2015-02-08,-1,52
2015-02-08,0,149
2015-02-08,1,135
2015-02-09,-1,83
2015-02-09,0,334
2015-02-09,1,267
2015-02-10,-1,240
2015-02-10,0,688
2015-02-10,1,531
2015-02-11,-1,306
2015-02-11,0,1237
2015-02-11,1,994
2015-02-12,-1,310
2015-02-12,0,1157
2015-02-12,1,983
2015-02-13,-1,165
2015-02-13,0,704
2015-02-13,1,534
2015-02-14,-1,150
2015-02-14,0,588
2015-02-14,1,501
2015-02-15,-1,23
2015-02-15,0,72
2015-02-15,1,62
2015-02-16,-1,60
2015-02-16,0,225
2015-02-16,1,224
2015-02-17,-1,225
2015-02-17,0,779
2015-02-17,1,482
2015-02-18,-1,210
2015-02-18,0,526
2015-02-18,1,458
2015-02-19,-1,219
2015-02-19,0,545
2015-02-19,1,432
2015-02-20,-1,178
2015-02-20,0,609
2015-02-20,1,506
2015-02-21,-1,88
2015-02-21,0,391
2015-02-21,1,300
2015-02-22,-1,72
2015-02-22,0,177
2015-02-22,1,177
2015-02-23,-1,167
2015-02-23,0,723
2015-02-23,1,522
2015-02-24,-1,282
2015-02-24,0,1011
2015-02-24,1,808
2015-02-25,-1,269
2015-02-25,0,681
2015-02-25,1,646
2015-02-26,-1,362
2015-02-26,0,1129
2015-02-26,1,920
2015-02-27,-1,316
2015-02-27,0,1074
2015-02-27,1,658
2015-02-28,-1,126
2015-02-28,0,347
2015-02-28,1,351
2015-03-01,-1,75
2015-03-01,0,251
2015-03-01,1,280
2015-03-02,-1,122
2015-03-02,0,480
2015-03-02,1,522
2015-03-03,-1,199
2015-03-03,0,666
2015-03-03,1,531
2015-03-04,-1,188
2015-03-04,0,560
2015-03-04,1,484
2015-03-05,-1,305
2015-03-05,0,788
2015-03-05,1,601
2015-03-06,-1,197
2015-03-06,0,666
2015-03-06,1,577
2015-03-07,-1,189
2015-03-07,0,764
2015-03-07,1,570
2015-03-08,-1,71
2015-03-08,0,322
2015-03-08,1,297
2015-03-09,-1,412
2015-03-09,0,1642
2015-03-09,1,1191
2015-03-10,-1,561
2015-03-10,0,1693
2015-03-10,1,1361
2015-03-11,-1,306
2015-03-11,0,911
2015-03-11,1,768
2015-03-12,-1,228
2015-03-12,0,730
2015-03-12,1,615
2015-03-13,-1,188
2015-03-13,0,560
2015-03-13,1,650
2015-03-14,-1,100
2015-03-14,0,318
2015-03-14,1,363
2015-03-15,-1,65
2015-03-15,0,281
2015-03-15,1,345
2015-03-16,-1,147
2015-03-16,0,605
2015-03-16,1,445
2015-03-17,-1,228
2015-03-17,0,945
2015-03-17,1,719
2015-03-18,-1,193
2015-03-18,0,660
2015-03-18,1,604
2015-03-19,-1,155
2015-03-19,0,707
2015-03-19,1,619
2015-03-20,-1,150
2015-03-20,0,566
2015-03-20,1,557
2015-03-21,-1,188
2015-03-21,0,455
2015-03-21,1,452
2015-03-22,-1,62
2015-03-22,0,179
2015-03-22,1,330
2015-03-23,-1,143
2015-03-23,0,437
2015-03-23,1,413
2015-03-24,-1,159
2015-03-24,0,414
2015-03-24,1,506
2015-03-25,-1,45
2015-03-25,0,131
2015-03-25,1,124
2015-03-26,-1,140
2015-03-26,0,438
2015-03-26,1,420
2015-03-27,-1,144
2015-03-27,0,409
2015-03-27,1,525
2015-03-28,-1,93
2015-03-28,0,261
2015-03-28,1,381
2015-03-29,-1,79
2015-03-29,0,182
2015-03-29,1,340
2015-03-30,-1,106
2015-03-30,0,340
2015-03-30,1,449
2015-03-31,-1,137
2015-03-31,0,489
2015-03-31,1,511
2015-04-01,-1,106
2015-04-01,0,514
2015-04-01,1,497
2015-04-02,-1,150
2015-04-02,0,496
2015-04-02,1,477
2015-04-03,-1,81
2015-04-03,0,328
2015-04-03,1,367
2015-04-04,-1,93
2015-04-04,0,237
2015-04-04,1,324
2015-04-05,-1,58
2015-04-05,0,215
2015-04-05,1,297
2015-04-06,-1,130
2015-04-06,0,440
2015-04-06,1,453
2015-04-07,-1,189
2015-04-07,0,479
2015-04-07,1,553
2015-04-08,-1,229
2015-04-08,0,552
2015-04-08,1,468
2015-04-09,-1,173
2015-04-09,0,545
2015-04-09,1,402
2015-04-10,-1,245
2015-04-10,0,788
2015-04-10,1,568
2015-04-11,-1,95
2015-04-11,0,289
2015-04-11,1,286
2015-04-12,-1,80
2015-04-12,0,237
2015-04-12,1,202
2015-04-13,-1,165
2015-04-13,0,514
2015-04-13,1,338
2015-04-14,-1,169
2015-04-14,0,564
2015-04-14,1,388
2015-04-15,-1,127
2015-04-15,0,506
2015-04-15,1,384
2015-04-16,-1,125
2015-04-16,0,472
2015-04-16,1,398
2015-04-17,-1,217
2015-04-17,0,591
2015-04-17,1,377
2015-04-18,-1,120
2015-04-18,0,255
2015-04-18,1,237
2015-04-19,-1,75
2015-04-19,0,205
2015-04-19,1,146
2015-04-20,-1,133
2015-04-20,0,430
2015-04-20,1,342
2015-04-21,-1,69
2015-04-21,0,308
2015-04-21,1,204
2015-04-22,-1,125
2015-04-22,0,458
2015-04-22,1,331
2015-04-23,-1,173
2015-04-23,0,668
2015-04-23,1,433
2015-04-24,-1,194
2015-04-24,0,753
2015-04-24,1,493
2015-04-25,-1,113
2015-04-25,0,442
2015-04-25,1,330
2015-04-26,-1,68
2015-04-26,0,275
2015-04-26,1,202
2015-04-27,-1,261
2015-04-27,0,1011
2015-04-27,1,671
2015-04-28,-1,849
2015-04-28,0,2528
2015-04-28,1,2163
2015-04-29,-1,334
2015-04-29,0,952
2015-04-29,1,765
2015-04-30,-1,874
2015-04-30,0,1292
2015-04-30,1,1044
2015-05-01,-1,326
2015-05-01,0,814
2015-05-01,1,599
2015-05-02,-1,59
2015-05-02,0,147
2015-05-02,1,182
2015-05-03,-1,94
2015-05-03,0,431
2015-05-03,1,191
2015-05-04,-1,125
2015-05-04,0,477
2015-05-04,1,356
2015-05-05,-1,111
2015-05-05,0,231
2015-05-05,1,180
2015-05-06,-1,205
2015-05-06,0,505
2015-05-06,1,445
2015-05-07,-1,220
2015-05-07,0,848
2015-05-07,1,467
2015-05-08,-1,53
2015-05-08,0,186
2015-05-08,1,139
2015-05-09,-1,48
2015-05-09,0,113
2015-05-09,1,110
2015-05-10,-1,53
2015-05-10,0,130
2015-05-10,1,112
2015-05-11,-1,101
2015-05-11,0,436
2015-05-11,1,378
2015-05-12,-1,40
2015-05-12,0,138
2015-05-12,1,120
2015-05-13,-1,43
2015-05-13,0,89
2015-05-13,1,70
2015-05-14,-1,104
2015-05-14,0,315
2015-05-14,1,236
2015-05-15,-1,163
2015-05-15,0,551
2015-05-15,1,355
2015-05-16,-1,84
2015-05-16,0,425
2015-05-16,1,256
2015-05-17,-1,60
2015-05-17,0,352
2015-05-17,1,190
2015-05-18,-1,179
2015-05-18,0,841
2015-05-18,1,590
2015-05-19,-1,283
2015-05-19,0,800
2015-05-19,1,603
2015-05-20,-1,159
2015-05-20,0,673
2015-05-20,1,431
2015-05-21,-1,162
2015-05-21,0,803
2015-05-21,1,401
2015-05-22,-1,144
2015-05-22,0,555
2015-05-22,1,432
2015-05-23,-1,75
2015-05-23,0,311
2015-05-23,1,215
2015-05-24,-1,48
2015-05-24,0,160
2015-05-24,1,137
2015-05-25,-1,56
2015-05-25,0,206
2015-05-25,1,172
2015-05-26,-1,250
2015-05-26,0,722
2015-05-26,1,622
2015-05-27,-1,209
2015-05-27,0,591
2015-05-27,1,437
2015-05-28,-1,190
2015-05-28,0,662
2015-05-28,1,386
2015-05-29,-1,35
2015-05-29,0,141
2015-05-29,1,108
2015-05-30,-1,71
2015-05-30,0,340
2015-05-30,1,251
2015-05-31,-1,65
2015-05-31,0,327
2015-05-31,1,223
2015-06-01,-1,90
2015-06-01,0,427
2015-06-01,1,284
2015-06-02,-1,185
2015-06-02,0,655
2015-06-02,1,393
2015-06-03,-1,21
2015-06-03,0,120
2015-06-03,1,59
2015-06-04,-1,123
2015-06-04,0,575
2015-06-04,1,317
2015-06-05,-1,155
2015-06-05,0,516
2015-06-05,1,344
2015-06-06,-1,60
2015-06-06,0,235
2015-06-06,1,178
2015-06-07,-1,72
2015-06-07,0,158
2015-06-07,1,147
2015-06-08,-1,12
2015-06-08,0,130
2015-06-08,1,48
2015-06-09,-1,287
2015-06-09,0,893
2015-06-09,1,633
2015-06-10,-1,202
2015-06-10,0,694
2015-06-10,1,518
2015-06-11,-1,190
2015-06-11,0,579
2015-06-11,1,365
2015-06-12,-1,151
2015-06-12,0,651
2015-06-12,1,335
2015-06-13,-1,60
2015-06-13,0,202
2015-06-13,1,119
2015-06-14,-1,53
2015-06-14,0,288
2015-06-14,1,198
2015-06-15,-1,123
2015-06-15,0,603
2015-06-15,1,301
2015-06-16,-1,155
2015-06-16,0,509
2015-06-16,1,306
2015-06-17,-1,99
2015-06-17,0,460
2015-06-17,1,265
2015-06-18,-1,131
2015-06-18,0,544
2015-06-18,1,401
2015-06-19,-1,126
2015-06-19,0,404
2015-06-19,1,362
2015-06-20,-1,68
2015-06-20,0,287
2015-06-20,1,234
2015-06-21,-1,76
2015-06-21,0,228
2015-06-21,1,234
2015-06-22,-1,118
2015-06-22,0,447
2015-06-22,1,446
2015-06-23,-1,134
2015-06-23,0,557
2015-06-23,1,385
2015-06-24,-1,167
2015-06-24,0,696
2015-06-24,1,581
2015-06-25,-1,125
2015-06-25,0,535
2015-06-25,1,369
2015-06-26,-1,121
2015-06-26,0,503
2015-06-26,1,319
2015-06-27,-1,48
2015-06-27,0,300
2015-06-27,1,207
2015-06-28,-1,81
2015-06-28,0,358
2015-06-28,1,188
2015-06-29,-1,82
2015-06-29,0,482
2015-06-29,1,303
2015-06-30,-1,172
2015-06-30,0,545
2015-06-30,1,406
2015-07-01,-1,121
2015-07-01,0,474
2015-07-01,1,372
2015-07-02,-1,114
2015-07-02,0,332
2015-07-02,1,274
2015-07-03,-1,69
2015-07-03,0,271
2015-07-03,1,188
2015-07-04,-1,39
2015-07-04,0,263
2015-07-04,1,123
2015-07-05,-1,35
2015-07-05,0,132
2015-07-05,1,78
2015-07-06,-1,68
2015-07-06,0,252
2015-07-06,1,143
2015-07-07,-1,25
2015-07-07,0,61
2015-07-07,1,51
2015-07-08,-1,163
2015-07-08,0,304
2015-07-08,1,273
2015-07-09,-1,259
2015-07-09,0,471
2015-07-09,1,340
2015-07-10,-1,335
2015-07-10,0,805
2015-07-10,1,616
2015-07-11,-1,81
2015-07-11,0,469
2015-07-11,1,271
2015-07-12,-1,43
2015-07-12,0,331
2015-07-12,1,168
2015-07-13,-1,105
2015-07-13,0,457
2015-07-13,1,401
2015-07-14,-1,126
2015-07-14,0,536
2015-07-14,1,313
2015-07-15,-1,127
2015-07-15,0,461
2015-07-15,1,387
2015-07-16,-1,133
2015-07-16,0,545
2015-07-16,1,351
2015-07-17,-1,129
2015-07-17,0,436
2015-07-17,1,341
2015-07-18,-1,44
2015-07-18,0,258
2015-07-18,1,229
2015-07-19,-1,26
2015-07-19,0,132
2015-07-19,1,116
2015-07-20,-1,108
2015-07-20,0,557
2015-07-20,1,496
2015-07-21,-1,243
2015-07-21,0,913
2015-07-21,1,684
2015-07-22,-1,1211
2015-07-22,0,2243
2015-07-22,1,2079
2015-07-23,-1,274
2015-07-23,0,881
2015-07-23,1,633
2015-07-24,-1,138
2015-07-24,0,513
2015-07-24,1,411
2015-07-25,-1,70
2015-07-25,0,292
2015-07-25,1,279
2015-07-26,-1,30
2015-07-26,0,125
2015-07-26,1,116
2015-07-27,-1,50
2015-07-27,0,183
2015-07-27,1,151
2015-07-28,-1,131
2015-07-28,0,404
2015-07-28,1,363
2015-07-29,-1,79
2015-07-29,0,223
2015-07-29,1,177
2015-07-30,-1,117
2015-07-30,0,854
2015-07-30,1,284
2015-07-31,-1,152
2015-07-31,0,1246
2015-07-31,1,350
2015-08-01,-1,73
2015-08-01,0,409
2015-08-01,1,176
2015-08-02,-1,59
2015-08-02,0,283
2015-08-02,1,163
2015-08-03,-1,211
2015-08-03,0,644
2015-08-03,1,413
2015-08-04,-1,563
2015-08-04,0,1212
2015-08-04,1,851
2015-08-05,-1,508
2015-08-05,0,1165
2015-08-05,1,853
2015-08-06,-1,281
2015-08-06,0,824
2015-08-06,1,511
2015-08-07,-1,159
2015-08-07,0,727
2015-08-07,1,410
2015-08-08,-1,66
2015-08-08,0,429
2015-08-08,1,243
2015-08-09,-1,27
2015-08-09,0,154
2015-08-09,1,91
2015-08-10,-1,15
2015-08-10,0,77
2015-08-10,1,60
2015-08-11,-1,234
2015-08-11,0,654
2015-08-11,1,483
2015-08-12,-1,390
2015-08-12,0,809
2015-08-12,1,599
2015-08-13,-1,185
2015-08-13,0,635
2015-08-13,1,410
2015-08-14,-1,208
2015-08-14,0,546
2015-08-14,1,306
2015-08-15,-1,79
2015-08-15,0,395
2015-08-15,1,217
2015-08-16,-1,31
2015-08-16,0,185
2015-08-16,1,126
2015-08-17,-1,99
2015-08-17,0,363
2015-08-17,1,287
2015-08-18,-1,90
2015-08-18,0,371
2015-08-18,1,249
2015-08-19,-1,144
2015-08-19,0,359
2015-08-19,1,295
2015-08-20,-1,172
2015-08-20,0,423
2015-08-20,1,313
2015-08-21,-1,152
2015-08-21,0,298
2015-08-21,1,269
2015-08-22,-1,106
2015-08-22,0,202
2015-08-22,1,174
2015-08-23,-1,21
2015-08-23,0,113
2015-08-23,1,72
2015-08-24,-1,511
2015-08-24,0,985
2015-08-24,1,896
2015-08-25,-1,251
2015-08-25,0,713
2015-08-25,1,707
2015-08-26,-1,227
2015-08-26,0,800
2015-08-26,1,488
2015-08-27,-1,213
2015-08-27,0,760
2015-08-27,1,499
2015-08-28,-1,239
2015-08-28,0,676
2015-08-28,1,431
2015-08-29,-1,108
2015-08-29,0,386
2015-08-29,1,192
2015-08-30,-1,52
2015-08-30,0,280
2015-08-30,1,150
2015-08-31,-1,117
2015-08-31,0,536
2015-08-31,1,320
2015-09-01,-1,190
2015-09-01,0,531
2015-09-01,1,381
2015-09-02,-1,151
2015-09-02,0,540
2015-09-02,1,347
2015-09-03,-1,144
2015-09-03,0,489
2015-09-03,1,341
2015-09-04,-1,140
2015-09-04,0,515
2015-09-04,1,286
2015-09-05,-1,56
2015-09-05,0,223
2015-09-05,1,146
2015-09-06,-1,44
2015-09-06,0,189
2015-09-06,1,74
2015-09-07,-1,47
2015-09-07,0,165
2015-09-07,1,105
2015-09-08,-1,143
2015-09-08,0,505
2015-09-08,1,318
2015-09-09,-1,378
2015-09-09,0,1509
2015-09-09,1,1015
2015-09-10,-1,387
2015-09-10,0,1211
2015-09-10,1,879
2015-09-11,-1,148
2015-09-11,0,675
2015-09-11,1,437
2015-09-12,-1,85
2015-09-12,0,314
2015-09-12,1,270
2015-09-13,-1,38
2015-09-13,0,189
2015-09-13,1,106
2015-09-14,-1,8
2015-09-14,0,44
2015-09-14,1,32
2015-09-15,-1,127
2015-09-15,0,403
2015-09-15,1,327
2015-09-16,-1,154
2015-09-16,0,427
2015-09-16,1,308
2015-09-17,-1,129
2015-09-17,0,537
2015-09-17,1,410
2015-09-18,-1,244
2015-09-18,0,568
2015-09-18,1,455
2015-09-19,-1,98
2015-09-19,0,340
2015-09-19,1,221
2015-09-20,-1,64
2015-09-20,0,257
2015-09-20,1,140
2015-09-21,-1,174
2015-09-21,0,513
2015-09-21,1,280
2015-09-22,-1,202
2015-09-22,0,631
2015-09-22,1,376
2015-09-23,-1,130
2015-09-23,0,528
2015-09-23,1,310
2015-09-24,-1,139
2015-09-24,0,453
2015-09-24,1,315
2015-09-25,-1,172
2015-09-25,0,622
2015-09-25,1,404
2015-09-26,-1,80
2015-09-26,0,383
2015-09-26,1,198
2015-09-27,-1,91
2015-09-27,0,310
2015-09-27,1,187
2015-09-28,-1,138
2015-09-28,0,674
2015-09-28,1,362
2015-09-29,-1,211
2015-09-29,0,671
2015-09-29,1,448
2015-09-30,-1,214
2015-09-30,0,662
2015-09-30,1,444
2015-10-01,-1,251
2015-10-01,0,561
2015-10-01,1,347
2015-10-02,-1,184
2015-10-02,0,600
2015-10-02,1,392
2015-10-03,-1,86
2015-10-03,0,261
2015-10-03,1,168
2015-10-04,-1,36
2015-10-04,0,143
2015-10-04,1,122
2015-10-05,-1,143
2015-10-05,0,423
2015-10-05,1,250
2015-10-06,-1,162
2015-10-06,0,458
2015-10-06,1,409
2015-10-07,-1,189
2015-10-07,0,524
2015-10-07,1,334
2015-10-08,-1,181
2015-10-08,0,509
2015-10-08,1,326
2015-10-09,-1,227
2015-10-09,0,536
2015-10-09,1,363
2015-10-10,-1,48
2015-10-10,0,156
2015-10-10,1,238
2015-10-11,-1,8
2015-10-11,0,31
2015-10-11,1,12
2015-10-12,-1,94
2015-10-12,0,345
2015-10-12,1,187
2015-10-13,-1,108
2015-10-13,0,380
2015-10-13,1,239
2015-10-14,-1,174
2015-10-14,0,502
2015-10-14,1,278
2015-10-15,-1,186
2015-10-15,0,536
2015-10-15,1,328
2015-10-16,-1,109
2015-10-16,0,448
2015-10-16,1,311
2015-10-17,-1,83
2015-10-17,0,167
2015-10-17,1,135
2015-10-18,-1,72
2015-10-18,0,105
2015-10-18,1,145
2015-10-19,-1,94
2015-10-19,0,289
2015-10-19,1,216
2015-10-20,-1,281
2015-10-20,0,523
2015-10-20,1,374
2015-10-21,-1,172
2015-10-21,0,481
2015-10-21,1,319
2015-10-22,-1,116
2015-10-22,0,408
2015-10-22,1,256
2015-10-23,-1,104
2015-10-23,0,463
2015-10-23,1,347
2015-10-24,-1,75
2015-10-24,0,338
2015-10-24,1,218
2015-10-25,-1,62
2015-10-25,0,310
2015-10-25,1,146
2015-10-26,-1,193
2015-10-26,0,506
2015-10-26,1,361
2015-10-27,-1,247
2015-10-27,0,764
2015-10-27,1,517
2015-10-28,-1,632
2015-10-28,0,1856
2015-10-28,1,1348
2015-10-29,-1,172
2015-10-29,0,848
2015-10-29,1,537
2015-10-30,-1,104
2015-10-30,0,496
2015-10-30,1,342
2015-10-31,-1,70
2015-10-31,0,207
2015-10-31,1,181
2015-11-01,-1,55
2015-11-01,0,155
2015-11-01,1,92
2015-11-02,-1,59
2015-11-02,0,278
2015-11-02,1,186
2015-11-03,-1,126
2015-11-03,0,464
2015-11-03,1,321
2015-11-04,-1,96
2015-11-04,0,360
2015-11-04,1,264
2015-11-05,-1,113
2015-11-05,0,329
2015-11-05,1,236
2015-11-06,-1,97
2015-11-06,0,370
2015-11-06,1,191
2015-11-07,-1,50
2015-11-07,0,203
2015-11-07,1,119
2015-11-08,-1,33
2015-11-08,0,179
2015-11-08,1,100
2015-11-09,-1,9
2015-11-09,0,46
2015-11-09,1,29
2015-11-10,-1,202
2015-11-10,0,426
2015-11-10,1,368
2015-11-11,-1,194
2015-11-11,0,514
2015-11-11,1,445
2015-11-12,-1,171
2015-11-12,0,513
2015-11-12,1,317
2015-11-13,-1,136
2015-11-13,0,412
2015-11-13,1,251
2015-11-14,-1,79
2015-11-14,0,246
2015-11-14,1,156
2015-11-15,-1,41
2015-11-15,0,130
2015-11-15,1,67
2015-11-16,-1,85
2015-11-16,0,355
2015-11-16,1,210
2015-11-17,-1,91
2015-11-17,0,378
2015-11-17,1,272
2015-11-18,-1,149
2015-11-18,0,517
2015-11-18,1,369
2015-11-19,-1,131
2015-11-19,0,535
2015-11-19,1,335
2015-11-20,-1,106
2015-11-20,0,443
2015-11-20,1,277
2015-11-21,-1,49
2015-11-21,0,231
2015-11-21,1,145
2015-11-22,-1,48
2015-11-22,0,143
2015-11-22,1,115
2015-11-23,-1,75
2015-11-23,0,278
2015-11-23,1,204
2015-11-24,-1,129
2015-11-24,0,415
2015-11-24,1,321
2015-11-25,-1,94
2015-11-25,0,309
2015-11-25,1,225
2015-11-26,-1,46
2015-11-26,0,262
2015-11-26,1,188
2015-11-27,-1,64
2015-11-27,0,220
2015-11-27,1,181
2015-11-28,-1,59
2015-11-28,0,179
2015-11-28,1,139
2015-11-29,-1,41
2015-11-29,0,150
2015-11-29,1,157
2015-11-30,-1,95
2015-11-30,0,315
2015-11-30,1,260
2015-12-01,-1,101
2015-12-01,0,291
2015-12-01,1,283
2015-12-02,-1,159
2015-12-02,0,525
2015-12-02,1,266
2015-12-03,-1,128
2015-12-03,0,475
2015-12-03,1,252
2015-12-04,-1,116
2015-12-04,0,393
2015-12-04,1,268
2015-12-05,-1,99
2015-12-05,0,264
2015-12-05,1,219
2015-12-06,-1,30
2015-12-06,0,153
2015-12-06,1,148
2015-12-07,-1,70
2015-12-07,0,230
2015-12-07,1,162
2015-12-08,-1,93
2015-12-08,0,329
2015-12-08,1,254
2015-12-09,-1,141
2015-12-09,0,381
2015-12-09,1,271
2015-12-10,-1,107
2015-12-10,0,390
2015-12-10,1,266
2015-12-11,-1,108
2015-12-11,0,571
2015-12-11,1,280
2015-12-12,-1,55
2015-12-12,0,258
2015-12-12,1,192
2015-12-13,-1,30
2015-12-13,0,142
2015-12-13,1,187
2015-12-14,-1,171
2015-12-14,0,318
2015-12-14,1,255
2015-12-15,-1,196
2015-12-15,0,372
2015-12-15,1,313
2015-12-16,-1,71
2015-12-16,0,127
2015-12-16,1,90
2015-12-17,-1,100
2015-12-17,0,321
2015-12-17,1,188
2015-12-18,-1,236
2015-12-18,0,573
2015-12-18,1,314
2015-12-19,-1,112
2015-12-19,0,243
2015-12-19,1,210
2015-12-20,-1,39
2015-12-20,0,136
2015-12-20,1,131
2015-12-21,-1,171
2015-12-21,0,392
2015-12-21,1,333
2015-12-22,-1,157
2015-12-22,0,454
2015-12-22,1,284
2015-12-23,-1,170
2015-12-23,0,475
2015-12-23,1,299
2015-12-24,-1,80
2015-12-24,0,268
2015-12-24,1,209
2015-12-25,-1,39
2015-12-25,0,136
2015-12-25,1,106
2015-12-26,-1,17
2015-12-26,0,135
2015-12-26,1,113
2015-12-27,-1,21
2015-12-27,0,161
2015-12-27,1,126
2015-12-28,-1,81
2015-12-28,0,315
2015-12-28,1,211
2015-12-29,-1,122
2015-12-29,0,438
2015-12-29,1,294
2015-12-30,-1,132
2015-12-30,0,395
2015-12-30,1,287
2015-12-31,-1,144
2015-12-31,0,489
2015-12-31,1,232
2016-01-01,-1,117
2016-01-01,0,299
2016-01-01,1,209
2016-01-02,-1,50
2016-01-02,0,184
2016-01-02,1,125
2016-01-03,-1,68
2016-01-03,0,210
2016-01-03,1,150
2016-01-04,-1,143
2016-01-04,0,440
2016-01-04,1,331
2016-01-05,-1,231
2016-01-05,0,529
2016-01-05,1,430
2016-01-06,-1,384
2016-01-06,0,661
2016-01-06,1,569
2016-01-07,-1,339
2016-01-07,0,1013
2016-01-07,1,608
2016-01-08,-1,408
2016-01-08,0,939
2016-01-08,1,557
2016-01-09,-1,91
2016-01-09,0,429
2016-01-09,1,221
2016-01-10,-1,69
2016-01-10,0,212
2016-01-10,1,178
2016-01-11,-1,214
2016-01-11,0,498
2016-01-11,1,284
2016-01-12,-1,174
2016-01-12,0,533
2016-01-12,1,362
2016-01-13,-1,162
2016-01-13,0,541
2016-01-13,1,338
2016-01-14,-1,160
2016-01-14,0,511
2016-01-14,1,333
2016-01-15,-1,195
2016-01-15,0,522
2016-01-15,1,413
2016-01-16,-1,111
2016-01-16,0,276
2016-01-16,1,223
2016-01-17,-1,41
2016-01-17,0,158
2016-01-17,1,120
2016-01-18,-1,68
2016-01-18,0,228
2016-01-18,1,157
2016-01-19,-1,139
2016-01-19,0,390
2016-01-19,1,261
2016-01-20,-1,195
2016-01-20,0,661
2016-01-20,1,369
2016-01-21,-1,159
2016-01-21,0,445
2016-01-21,1,310
2016-01-22,-1,188
2016-01-22,0,496
2016-01-22,1,326
2016-01-23,-1,98
2016-01-23,0,340
2016-01-23,1,272
2016-01-24,-1,55
2016-01-24,0,150
2016-01-24,1,124
2016-01-25,-1,148
2016-01-25,0,407
2016-01-25,1,201
2016-01-26,-1,69
2016-01-26,0,172
2016-01-26,1,133
2016-01-27,-1,950
2016-01-27,0,1861
2016-01-27,1,1531
2016-01-28,-1,365
2016-01-28,0,842
2016-01-28,1,611
2016-01-29,-1,228
2016-01-29,0,681
2016-01-29,1,410
2016-01-30,-1,158
2016-01-30,0,320
2016-01-30,1,332
2016-01-31,-1,67
2016-01-31,0,255
2016-01-31,1,289
2016-02-01,-1,108
2016-02-01,0,293
2016-02-01,1,216
2016-02-02,-1,155
2016-02-02,0,506
2016-02-02,1,523
2016-02-03,-1,129
2016-02-03,0,405
2016-02-03,1,296
2016-02-04,-1,155
2016-02-04,0,409
2016-02-04,1,363
2016-02-05,-1,112
2016-02-05,0,332
2016-02-05,1,247
2016-02-06,-1,84
2016-02-06,0,240
2016-02-06,1,162
2016-02-07,-1,38
2016-02-07,0,137
2016-02-07,1,99
2016-02-08,-1,122
2016-02-08,0,313
2016-02-08,1,249
2016-02-09,-1,170
2016-02-09,0,486
2016-02-09,1,382
2016-02-10,-1,144
2016-02-10,0,535
2016-02-10,1,253
2016-02-11,-1,203
2016-02-11,0,577
2016-02-11,1,287
2016-02-12,-1,237
2016-02-12,0,412
2016-02-12,1,232
2016-02-13,-1,166
2016-02-13,0,549
2016-02-13,1,302
2016-02-14,-1,59
2016-02-14,0,253
2016-02-14,1,136
2016-02-15,-1,149
2016-02-15,0,360
2016-02-15,1,194
2016-02-16,-1,273
2016-02-16,0,546
2016-02-16,1,319
2016-02-17,-1,519
2016-02-17,0,857
2016-02-17,1,589
2016-02-18,-1,664
2016-02-18,0,878
2016-02-18,1,596
2016-02-19,-1,281
2016-02-19,0,311
2016-02-19,1,260
2016-02-20,-1,504
2016-02-20,0,673
2016-02-20,1,520
2016-02-21,-1,164
2016-02-21,0,332
2016-02-21,1,161
2016-02-22,-1,397
2016-02-22,0,539
2016-02-22,1,419
2016-02-23,-1,570
2016-02-23,0,787
2016-02-23,1,559
2016-02-24,-1,431
2016-02-24,0,734
2016-02-24,1,517
2016-02-25,-1,533
2016-02-25,0,703
2016-02-25,1,455
2016-02-26,-1,580
2016-02-26,0,974
2016-02-26,1,622
2016-02-27,-1,227
2016-02-27,0,526
2016-02-27,1,425
2016-02-28,-1,81
2016-02-28,0,227
2016-02-28,1,171
2016-02-29,-1,145
2016-02-29,0,387
2016-02-29,1,262
2016-03-01,-1,361
2016-03-01,0,911
2016-03-01,1,499
2016-03-02,-1,437
2016-03-02,0,852
2016-03-02,1,423
2016-03-03,-1,293
2016-03-03,0,594
2016-03-03,1,467
2016-03-04,-1,340
2016-03-04,0,717
2016-03-04,1,625
2016-03-05,-1,203
2016-03-05,0,317
2016-03-05,1,215
2016-03-06,-1,93
2016-03-06,0,213
2016-03-06,1,170
2016-03-07,-1,245
2016-03-07,0,422
2016-03-07,1,329
2016-03-08,-1,329
2016-03-08,0,674
2016-03-08,1,548
2016-03-09,-1,279
2016-03-09,0,428
2016-03-09,1,272
2016-03-10,-1,242
2016-03-10,0,551
2016-03-10,1,357
2016-03-11,-1,266
2016-03-11,0,976
2016-03-11,1,361
2016-03-12,-1,177
2016-03-12,0,401
2016-03-12,1,213
2016-03-13,-1,43
2016-03-13,0,156
2016-03-13,1,74
2016-03-14,-1,129
2016-03-14,0,431
2016-03-14,1,230
2016-03-15,-1,207
2016-03-15,0,660
2016-03-15,1,401
2016-03-16,-1,269
2016-03-16,0,694
2016-03-16,1,412
2016-03-17,-1,374
2016-03-17,0,869
2016-03-17,1,458
2016-03-18,-1,221
2016-03-18,0,608
2016-03-18,1,420
2016-03-19,-1,106
2016-03-19,0,352
2016-03-19,1,200
2016-03-20,-1,80
2016-03-20,0,243
2016-03-20,1,150
2016-03-21,-1,463
2016-03-21,0,1465
2016-03-21,1,883
2016-03-22,-1,591
2016-03-22,0,1811
2016-03-22,1,1157
2016-03-23,-1,294
2016-03-23,0,858
2016-03-23,1,523
2016-03-24,-1,335
2016-03-24,0,846
2016-03-24,1,521
2016-03-25,-1,198
2016-03-25,0,482
2016-03-25,1,423
2016-03-26,-1,96
2016-03-26,0,195
2016-03-26,1,150
2016-03-27,-1,51
2016-03-27,0,161
2016-03-27,1,117
2016-03-28,-1,199
2016-03-28,0,430
2016-03-28,1,334
2016-03-29,-1,506
2016-03-29,0,877
2016-03-29,1,555
2016-03-30,-1,357
2016-03-30,0,904
2016-03-30,1,575
2016-03-31,-1,297
2016-03-31,0,830
2016-03-31,1,442
2016-04-01,-1,216
2016-04-01,0,714
2016-04-01,1,487
2016-04-02,-1,96
2016-04-02,0,299
2016-04-02,1,278
2016-04-03,-1,62
2016-04-03,0,168
2016-04-03,1,143
2016-04-04,-1,151
2016-04-04,0,466
2016-04-04,1,377
2016-04-05,-1,255
2016-04-05,0,705
2016-04-05,1,431
2016-04-06,-1,165
2016-04-06,0,589
2016-04-06,1,417
2016-04-07,-1,225
2016-04-07,0,589
2016-04-07,1,369
2016-04-08,-1,178
2016-04-08,0,665
2016-04-08,1,417
2016-04-09,-1,142
2016-04-09,0,324
2016-04-09,1,231
2016-04-10,-1,23
2016-04-10,0,187
2016-04-10,1,115
2016-04-11,-1,118
2016-04-11,0,358
2016-04-11,1,246
2016-04-12,-1,190
2016-04-12,0,545
2016-04-12,1,336
2016-04-13,-1,136
2016-04-13,0,680
2016-04-13,1,348
2016-04-14,-1,194
2016-04-14,0,617
2016-04-14,1,370
2016-04-15,-1,333
2016-04-15,0,830
2016-04-15,1,475
2016-04-16,-1,273
2016-04-16,0,401
2016-04-16,1,289
2016-04-17,-1,63
2016-04-17,0,182
2016-04-17,1,123
2016-04-18,-1,206
2016-04-18,0,489
2016-04-18,1,297
2016-04-19,-1,313
2016-04-19,0,1052
2016-04-19,1,512
2016-04-20,-1,272
2016-04-20,0,634
2016-04-20,1,360
2016-04-21,-1,305
2016-04-21,0,536
2016-04-21,1,326
2016-04-22,-1,383
2016-04-22,0,708
2016-04-22,1,370
2016-04-23,-1,234
2016-04-23,0,358
2016-04-23,1,200
2016-04-24,-1,64
2016-04-24,0,190
2016-04-24,1,98
2016-04-25,-1,215
2016-04-25,0,463
2016-04-25,1,292
2016-04-26,-1,91
2016-04-26,0,222
2016-04-26,1,131
2016-04-27,-1,1404
2016-04-27,0,1916
2016-04-27,1,1696
2016-04-28,-1,684
2016-04-28,0,1069
2016-04-28,1,774
2016-04-29,-1,700
2016-04-29,0,1077
2016-04-29,1,927
2016-04-30,-1,173
2016-04-30,0,380
2016-04-30,1,274
2016-05-01,-1,77
2016-05-01,0,156
2016-05-01,1,144
2016-05-02,-1,205
2016-05-02,0,453
2016-05-02,1,338
2016-05-03,-1,466
2016-05-03,0,872
2016-05-03,1,783
2016-05-04,-1,415
2016-05-04,0,831
2016-05-04,1,579
2016-05-05,-1,359
2016-05-05,0,620
2016-05-05,1,508
2016-05-06,-1,393
2016-05-06,0,971
2016-05-06,1,558
2016-05-07,-1,134
2016-05-07,0,316
2016-05-07,1,232
2016-05-08,-1,68
2016-05-08,0,184
2016-05-08,1,132
2016-05-09,-1,137
2016-05-09,0,400
2016-05-09,1,259
2016-05-10,-1,230
2016-05-10,0,527
2016-05-10,1,489
2016-05-11,-1,220
2016-05-11,0,597
2016-05-11,1,392
2016-05-12,-1,569
2016-05-12,0,884
2016-05-12,1,735
2016-05-13,-1,173
2016-05-13,0,330
2016-05-13,1,244
2016-05-14,-1,135
2016-05-14,0,404
2016-05-14,1,259
2016-05-15,-1,49
2016-05-15,0,134
2016-05-15,1,97
2016-05-16,-1,315
2016-05-16,0,1119
2016-05-16,1,881
2016-05-17,-1,366
2016-05-17,0,1121
2016-05-17,1,739
2016-05-18,-1,223
2016-05-18,0,884
2016-05-18,1,502
2016-05-19,-1,190
2016-05-19,0,765
2016-05-19,1,396
2016-05-20,-1,192
2016-05-20,0,800
2016-05-20,1,428
2016-05-21,-1,102
2016-05-21,0,460
2016-05-21,1,251
2016-05-22,-1,70
2016-05-22,0,190
2016-05-22,1,138
2016-05-23,-1,165
2016-05-23,0,536
2016-05-23,1,366
2016-05-24,-1,222
2016-05-24,0,825
2016-05-24,1,458
2016-05-25,-1,250
2016-05-25,0,854
2016-05-25,1,656
2016-05-26,-1,194
2016-05-26,0,858
2016-05-26,1,555
2016-05-27,-1,208
2016-05-27,0,551
2016-05-27,1,477
2016-05-28,-1,62
2016-05-28,0,195
2016-05-28,1,174
2016-05-29,-1,23
2016-05-29,0,78
2016-05-29,1,35
2016-05-30,-1,95
2016-05-30,0,259
2016-05-30,1,186
2016-05-31,-1,175
2016-05-31,0,517
2016-05-31,1,323
2016-06-01,-1,201
2016-06-01,0,539
2016-06-01,1,350
2016-06-02,-1,334
2016-06-02,0,717
2016-06-02,1,444
2016-06-03,-1,171
2016-06-03,0,724
2016-06-03,1,330
2016-06-04,-1,86
2016-06-04,0,251
2016-06-04,1,136
2016-06-05,-1,35
2016-06-05,0,120
2016-06-05,1,54
2016-06-06,-1,105
2016-06-06,0,353
2016-06-06,1,184
2016-06-07,-1,86
2016-06-07,0,267
2016-06-07,1,180
2016-06-08,-1,132
2016-06-08,0,494
2016-06-08,1,297
2016-06-09,-1,189
2016-06-09,0,624
2016-06-09,1,535
2016-06-10,-1,163
2016-06-10,0,618
2016-06-10,1,563
2016-06-11,-1,103
2016-06-11,0,398
2016-06-11,1,268
2016-06-12,-1,44
2016-06-12,0,171
2016-06-12,1,118
2016-06-13,-1,193
2016-06-13,0,869
2016-06-13,1,456
2016-06-14,-1,452
2016-06-14,0,2064
2016-06-14,1,1195
2016-06-15,-1,168
2016-06-15,0,854
2016-06-15,1,484
2016-06-16,-1,161
2016-06-16,0,534
2016-06-16,1,363
2016-06-17,-1,277
2016-06-17,0,478
2016-06-17,1,324
2016-06-18,-1,98
2016-06-18,0,171
2016-06-18,1,121
2016-06-19,-1,361
2016-06-19,0,548
2016-06-19,1,326
2016-06-20,-1,194
2016-06-20,0,425
2016-06-20,1,340
2016-06-21,-1,215
2016-06-21,0,710
2016-06-21,1,414
2016-06-22,-1,273
2016-06-22,0,561
2016-06-22,1,353
2016-06-23,-1,198
2016-06-23,0,444
2016-06-23,1,269
2016-06-24,-1,174
2016-06-24,0,496
2016-06-24,1,237
2016-06-25,-1,83
2016-06-25,0,238
2016-06-25,1,133
2016-06-26,-1,45
2016-06-26,0,100
2016-06-26,1,70
2016-06-27,-1,139
2016-06-27,0,351
2016-06-27,1,218
2016-06-28,-1,140
2016-06-28,0,366
2016-06-28,1,220
2016-06-29,-1,155
2016-06-29,0,457
2016-06-29,1,274
2016-06-30,-1,132
2016-06-30,0,365
2016-06-30,1,250
2016-07-01,-1,246
2016-07-01,0,619
2016-07-01,1,291
2016-07-02,-1,89
2016-07-02,0,123
2016-07-02,1,76
2016-07-03,-1,54
2016-07-03,0,112
2016-07-03,1,55
2016-07-04,-1,67
2016-07-04,0,242
2016-07-04,1,122
2016-07-05,-1,109
2016-07-05,0,372
2016-07-05,1,190
2016-07-06,-1,159
2016-07-06,0,439
2016-07-06,1,260
2016-07-07,-1,149
2016-07-07,0,403
2016-07-07,1,191
2016-07-08,-1,118
2016-07-08,0,443
2016-07-08,1,271
2016-07-09,-1,71
2016-07-09,0,229
2016-07-09,1,119
2016-07-10,-1,20
2016-07-10,0,102
2016-07-10,1,77
2016-07-11,-1,118
2016-07-11,0,258
2016-07-11,1,190
2016-07-12,-1,176
2016-07-12,0,382
2016-07-12,1,265
2016-07-13,-1,108
2016-07-13,0,298
2016-07-13,1,230
2016-07-14,-1,160
2016-07-14,0,635
2016-07-14,1,346
2016-07-15,-1,147
2016-07-15,0,393
2016-07-15,1,273
2016-07-16,-1,86
2016-07-16,0,256
2016-07-16,1,150
2016-07-17,-1,34
2016-07-17,0,122
2016-07-17,1,75
2016-07-18,-1,110
2016-07-18,0,450
2016-07-18,1,309
2016-07-19,-1,161
2016-07-19,0,532
2016-07-19,1,321
2016-07-20,-1,205
2016-07-20,0,461
2016-07-20,1,289
2016-07-21,-1,231
2016-07-21,0,595
2016-07-21,1,356
2016-07-22,-1,244
2016-07-22,0,497
2016-07-22,1,317
2016-07-23,-1,91
2016-07-23,0,301
2016-07-23,1,204
2016-07-24,-1,73
2016-07-24,0,271
2016-07-24,1,127
2016-07-25,-1,130
2016-07-25,0,624
2016-07-25,1,304
2016-07-26,-1,240
2016-07-26,0,880
2016-07-26,1,468
2016-07-27,-1,703
2016-07-27,0,2172
2016-07-27,1,1640
2016-07-28,-1,258
2016-07-28,0,1125
2016-07-28,1,725
2016-07-29,-1,94
2016-07-29,0,313
2016-07-29,1,166
2016-07-30,-1,69
2016-07-30,0,232
2016-07-30,1,143
2016-07-31,-1,18
2016-07-31,0,39
2016-07-31,1,23
2016-08-01,-1,102
2016-08-01,0,431
2016-08-01,1,265
2016-08-02,-1,263
2016-08-02,0,782
2016-08-02,1,567
2016-08-03,-1,156
2016-08-03,0,364
2016-08-03,1,285
2016-08-04,-1,221
2016-08-04,0,669
2016-08-04,1,519
2016-08-05,-1,217
2016-08-05,0,612
2016-08-05,1,510
2016-08-06,-1,100
2016-08-06,0,313
2016-08-06,1,231
2016-08-07,-1,56
2016-08-07,0,212
2016-08-07,1,166
2016-08-08,-1,166
2016-08-08,0,611
2016-08-08,1,298
2016-08-09,-1,178
2016-08-09,0,798
2016-08-09,1,410
2016-08-10,-1,226
2016-08-10,0,843
2016-08-10,1,379
2016-08-11,-1,196
2016-08-11,0,893
2016-08-11,1,406
2016-08-12,-1,136
2016-08-12,0,427
2016-08-12,1,286
2016-08-13,-1,70
2016-08-13,0,273
2016-08-13,1,161
2016-08-14,-1,69
2016-08-14,0,214
2016-08-14,1,156
2016-08-15,-1,149
2016-08-15,0,768
2016-08-15,1,458
2016-08-16,-1,224
2016-08-16,0,1007
2016-08-16,1,717
2016-08-17,-1,217
2016-08-17,0,806
2016-08-17,1,501
2016-08-18,-1,227
2016-08-18,0,558
2016-08-18,1,314
2016-08-19,-1,261
2016-08-19,0,569
2016-08-19,1,374
2016-08-20,-1,144
2016-08-20,0,308
2016-08-20,1,261
2016-08-21,-1,52
2016-08-21,0,241
2016-08-21,1,114
2016-08-22,-1,184
2016-08-22,0,530
2016-08-22,1,241
2016-08-23,-1,112
2016-08-23,0,672
2016-08-23,1,382
2016-08-24,-1,170
2016-08-24,0,458
2016-08-24,1,279
2016-08-25,-1,333
2016-08-25,0,666
2016-08-25,1,531
2016-08-26,-1,327
2016-08-26,0,741
2016-08-26,1,679
2016-08-27,-1,204
2016-08-27,0,366
2016-08-27,1,315
2016-08-28,-1,76
2016-08-28,0,230
2016-08-28,1,183
2016-08-29,-1,233
2016-08-29,0,707
2016-08-29,1,434
2016-08-30,-1,1171
2016-08-30,0,1773
2016-08-30,1,831
2016-08-31,-1,807
2016-08-31,0,1173
2016-08-31,1,545
2016-09-01,-1,542
2016-09-01,0,816
2016-09-01,1,510
2016-09-02,-1,535
2016-09-02,0,865
2016-09-02,1,565
2016-09-03,-1,157
2016-09-03,0,455
2016-09-03,1,257
2016-09-04,-1,105
2016-09-04,0,332
2016-09-04,1,185
2016-09-05,-1,139
2016-09-05,0,438
2016-09-05,1,291
2016-09-06,-1,182
2016-09-06,0,643
2016-09-06,1,350
2016-09-07,-1,544
2016-09-07,0,2270
2016-09-07,1,1169
2016-09-08,-1,633
2016-09-08,0,1870
2016-09-08,1,1084
2016-09-09,-1,763
2016-09-09,0,3046
2016-09-09,1,1352
2016-09-10,-1,211
2016-09-10,0,698
2016-09-10,1,383
2016-09-11,-1,94
2016-09-11,0,360
2016-09-11,1,206
2016-09-12,-1,249
2016-09-12,0,829
2016-09-12,1,412
2016-09-13,-1,323
2016-09-13,0,1144
2016-09-13,1,780
2016-09-14,-1,553
2016-09-14,0,1761
2016-09-14,1,1132
2016-09-15,-1,506
2016-09-15,0,1536
2016-09-15,1,1122
2016-09-16,-1,588
2016-09-16,0,1397
2016-09-16,1,984
2016-09-17,-1,197
2016-09-17,0,558
2016-09-17,1,455
2016-09-18,-1,97
2016-09-18,0,312
2016-09-18,1,194
2016-09-19,-1,285
2016-09-19,0,730
2016-09-19,1,502
2016-09-20,-1,238
2016-09-20,0,716
2016-09-20,1,564
2016-09-21,-1,226
2016-09-21,0,1063
2016-09-21,1,513
2016-09-22,-1,248
2016-09-22,0,876
2016-09-22,1,436
2016-09-23,-1,213
2016-09-23,0,848
2016-09-23,1,413
2016-09-24,-1,166
2016-09-24,0,500
2016-09-24,1,351
2016-09-25,-1,58
2016-09-25,0,239
2016-09-25,1,163
2016-09-26,-1,209
2016-09-26,0,517
2016-09-26,1,344
2016-09-27,-1,161
2016-09-27,0,549
2016-09-27,1,380
2016-09-28,-1,160
2016-09-28,0,611
2016-09-28,1,441
2016-09-29,-1,174
2016-09-29,0,906
2016-09-29,1,530
2016-09-30,-1,165
2016-09-30,0,564
2016-09-30,1,362
2016-10-01,-1,129
2016-10-01,0,345
2016-10-01,1,255
2016-10-02,-1,70
2016-10-02,0,165
2016-10-02,1,122
2016-10-03,-1,175
2016-10-03,0,399
2016-10-03,1,258
2016-10-04,-1,183
2016-10-04,0,523
2016-10-04,1,340
2016-10-05,-1,187
2016-10-05,0,426
2016-10-05,1,294
2016-10-06,-1,160
2016-10-06,0,539
2016-10-06,1,364
2016-10-07,-1,120
2016-10-07,0,351
2016-10-07,1,323
2016-10-08,-1,40
2016-10-08,0,174
2016-10-08,1,149
2016-10-09,-1,40
2016-10-09,0,101
2016-10-09,1,87
2016-10-10,-1,153
2016-10-10,0,335
2016-10-10,1,211
2016-10-11,-1,270
2016-10-11,0,648
2016-10-11,1,522
2016-10-12,-1,193
2016-10-12,0,627
2016-10-12,1,440
2016-10-13,-1,152
2016-10-13,0,454
2016-10-13,1,296
2016-10-14,-1,119
2016-10-14,0,468
2016-10-14,1,286
2016-10-15,-1,104
2016-10-15,0,231
2016-10-15,1,184
2016-10-16,-1,70
2016-10-16,0,147
2016-10-16,1,105
2016-10-17,-1,140
2016-10-17,0,397
2016-10-17,1,267
2016-10-18,-1,176
2016-10-18,0,679
2016-10-18,1,343
2016-10-19,-1,133
2016-10-19,0,611
2016-10-19,1,281
2016-10-20,-1,124
2016-10-20,0,438
2016-10-20,1,228
2016-10-21,-1,157
2016-10-21,0,449
2016-10-21,1,255
2016-10-22,-1,78
2016-10-22,0,251
2016-10-22,1,189
2016-10-23,-1,71
2016-10-23,0,253
2016-10-23,1,173
2016-10-24,-1,104
2016-10-24,0,577
2016-10-24,1,321
2016-10-25,-1,227
2016-10-25,0,952
2016-10-25,1,505
2016-10-26,-1,828
2016-10-26,0,1970
2016-10-26,1,1689
2016-10-27,-1,421
2016-10-27,0,985
2016-10-27,1,639
2016-10-28,-1,340
2016-10-28,0,1635
2016-10-28,1,597
2016-10-29,-1,96
2016-10-29,0,428
2016-10-29,1,235
2016-10-30,-1,91
2016-10-30,0,221
2016-10-30,1,176
2016-10-31,-1,293
2016-10-31,0,576
2016-10-31,1,348
2016-11-01,-1,171
2016-11-01,0,637
2016-11-01,1,334
2016-11-02,-1,224
2016-11-02,0,663
2016-11-02,1,315
2016-11-03,-1,166
2016-11-03,0,552
2016-11-03,1,310
2016-11-04,-1,104
2016-11-04,0,367
2016-11-04,1,424
2016-11-05,-1,155
2016-11-05,0,227
2016-11-05,1,170
2016-11-06,-1,34
2016-11-06,0,138
2016-11-06,1,98
2016-11-07,-1,142
2016-11-07,0,401
2016-11-07,1,322
2016-11-08,-1,127
2016-11-08,0,535
2016-11-08,1,258
2016-11-09,-1,120
2016-11-09,0,573
2016-11-09,1,334
2016-11-10,-1,164
2016-11-10,0,511
2016-11-10,1,309
2016-11-11,-1,66
2016-11-11,0,204
2016-11-11,1,154
2016-11-12,-1,104
2016-11-12,0,270
2016-11-12,1,150
2016-11-13,-1,71
2016-11-13,0,178
2016-11-13,1,105
2016-11-14,-1,150
2016-11-14,0,400
2016-11-14,1,262
2016-11-15,-1,171
2016-11-15,0,590
2016-11-15,1,391
2016-11-16,-1,179
2016-11-16,0,636
2016-11-16,1,367
2016-11-17,-1,165
2016-11-17,0,581
2016-11-17,1,274
2016-11-18,-1,130
2016-11-18,0,560
2016-11-18,1,291
2016-11-19,-1,133
2016-11-19,0,439
2016-11-19,1,178
2016-11-20,-1,48
2016-11-20,0,230
2016-11-20,1,127
2016-11-21,-1,179
2016-11-21,0,510
2016-11-21,1,350
2016-11-22,-1,275
2016-11-22,0,466
2016-11-22,1,339
2016-11-23,-1,162
2016-11-23,0,442
2016-11-23,1,290
2016-11-24,-1,66
2016-11-24,0,331
2016-11-24,1,228
2016-11-25,-1,93
2016-11-25,0,330
2016-11-25,1,301
2016-11-26,-1,35
2016-11-26,0,243
2016-11-26,1,116
2016-11-27,-1,44
2016-11-27,0,169
2016-11-27,1,126
2016-11-28,-1,92
2016-11-28,0,473
2016-11-28,1,235
2016-11-29,-1,157
2016-11-29,0,533
2016-11-29,1,310
2016-11-30,-1,150
2016-11-30,0,424
2016-11-30,1,315
2016-12-01,-1,166
2016-12-01,0,414
2016-12-01,1,335
2016-12-02,-1,164
2016-12-02,0,420
2016-12-02,1,303
2016-12-03,-1,175
2016-12-03,0,333
2016-12-03,1,255
2016-12-04,-1,62
2016-12-04,0,203
2016-12-04,1,130
2016-12-05,-1,120
2016-12-05,0,319
2016-12-05,1,221
2016-12-06,-1,158
2016-12-06,0,376
2016-12-06,1,408
2016-12-07,-1,290
2016-12-07,0,573
2016-12-07,1,575
2016-12-08,-1,271
2016-12-08,0,786
2016-12-08,1,482
2016-12-09,-1,184
2016-12-09,0,627
2016-12-09,1,384
2016-12-10,-1,130
2016-12-10,0,325
2016-12-10,1,211
2016-12-11,-1,68
2016-12-11,0,181
2016-12-11,1,136
2016-12-12,-1,85
2016-12-12,0,231
2016-12-12,1,135
2016-12-13,-1,253
2016-12-13,0,842
2016-12-13,1,369
2016-12-14,-1,219
2016-12-14,0,707
2016-12-14,1,418
2016-12-15,-1,96
2016-12-15,0,597
2016-12-15,1,370
2016-12-16,-1,166
2016-12-16,0,467
2016-12-16,1,333
2016-12-17,-1,79
2016-12-17,0,290
2016-12-17,1,200
2016-12-18,-1,31
2016-12-18,0,153
2016-12-18,1,115
2016-12-19,-1,109
2016-12-19,0,366
2016-12-19,1,226
2016-12-20,-1,112
2016-12-20,0,457
2016-12-20,1,318
2016-12-21,-1,169
2016-12-21,0,474
2016-12-21,1,296
2016-12-22,-1,183
2016-12-22,0,381
2016-12-22,1,325
2016-12-23,-1,153
2016-12-23,0,336
2016-12-23,1,251
2016-12-24,-1,65
2016-12-24,0,156
2016-12-24,1,124
2016-12-25,-1,30
2016-12-25,0,94
2016-12-25,1,74
2016-12-26,-1,89
2016-12-26,0,208
2016-12-26,1,149
2016-12-27,-1,68
2016-12-27,0,346
2016-12-27,1,206
2016-12-28,-1,86
2016-12-28,0,335
2016-12-28,1,300
2016-12-29,-1,119
2016-12-29,0,331
2016-12-29,1,311
2016-12-30,-1,138
2016-12-30,0,328
2016-12-30,1,252
2016-12-31,-1,208
2016-12-31,0,255
2016-12-31,1,205
2017-01-01,-1,55
2017-01-01,0,135
2017-01-01,1,114
2017-01-02,-1,59
2017-01-02,0,189
2017-01-02,1,190
2017-01-03,-1,111
2017-01-03,0,326
2017-01-03,1,235
2017-01-04,-1,92
2017-01-04,0,374
2017-01-04,1,269
2017-01-05,-1,113
2017-01-05,0,708
2017-01-05,1,382
2017-01-06,-1,222
2017-01-06,0,577
2017-01-06,1,332
2017-01-07,-1,215
2017-01-07,0,316
2017-01-07,1,266
2017-01-08,-1,74
2017-01-08,0,225
2017-01-08,1,139
2017-01-09,-1,143
2017-01-09,0,568
2017-01-09,1,343
2017-01-10,-1,165
2017-01-10,0,725
2017-01-10,1,395
2017-01-11,-1,142
2017-01-11,0,629
2017-01-11,1,380
2017-01-12,-1,113
2017-01-12,0,586
2017-01-12,1,468
2017-01-13,-1,144
2017-01-13,0,470
2017-01-13,1,452
2017-01-14,-1,67
2017-01-14,0,251
2017-01-14,1,212
2017-01-15,-1,43
2017-01-15,0,211
2017-01-15,1,173
2017-01-16,-1,46
2017-01-16,0,210
2017-01-16,1,128
2017-01-17,-1,128
2017-01-17,0,438
2017-01-17,1,309
2017-01-18,-1,188
2017-01-18,0,374
2017-01-18,1,344
2017-01-19,-1,132
2017-01-19,0,492
2017-01-19,1,314
2017-01-20,-1,87
2017-01-20,0,293
2017-01-20,1,282
2017-01-21,-1,82
2017-01-21,0,317
2017-01-21,1,222
2017-01-22,-1,76
2017-01-22,0,272
2017-01-22,1,166
2017-01-23,-1,151
2017-01-23,0,450
2017-01-23,1,241
2017-01-24,-1,144
2017-01-24,0,558
2017-01-24,1,275
2017-01-25,-1,170
2017-01-25,0,584
2017-01-25,1,404
2017-01-26,-1,171
2017-01-26,0,587
2017-01-26,1,313
2017-01-27,-1,116
2017-01-27,0,421
2017-01-27,1,311
2017-01-28,-1,68
2017-01-28,0,215
2017-01-28,1,207
2017-01-29,-1,18
2017-01-29,0,54
2017-01-29,1,46
2017-01-30,-1,108
2017-01-30,0,374
2017-01-30,1,286
2017-01-31,-1,181
2017-01-31,0,610
2017-01-31,1,426
2017-02-01,-1,670
2017-02-01,0,2025
2017-02-01,1,1741
2017-02-02,-1,298
2017-02-02,0,865
2017-02-02,1,711
2017-02-03,-1,159
2017-02-03,0,675
2017-02-03,1,394
2017-02-04,-1,116
2017-02-04,0,283
2017-02-04,1,225
2017-02-05,-1,78
2017-02-05,0,204
2017-02-05,1,164
2017-02-06,-1,174
2017-02-06,0,293
2017-02-06,1,275
2017-02-07,-1,168
2017-02-07,0,597
2017-02-07,1,351
2017-02-08,-1,190
2017-02-08,0,538
2017-02-08,1,382
2017-02-09,-1,146
2017-02-09,0,506
2017-02-09,1,278
2017-02-10,-1,147
2017-02-10,0,494
2017-02-10,1,325
2017-02-11,-1,112
2017-02-11,0,259
2017-02-11,1,143
2017-02-12,-1,60
2017-02-12,0,119
2017-02-12,1,107
2017-02-13,-1,157
2017-02-13,0,527
2017-02-13,1,366
2017-02-14,-1,139
2017-02-14,0,774
2017-02-14,1,597
2017-02-15,-1,179
2017-02-15,0,746
2017-02-15,1,597
2017-02-16,-1,138
2017-02-16,0,539
2017-02-16,1,292
2017-02-17,-1,119
2017-02-17,0,475
2017-02-17,1,279
2017-02-18,-1,87
2017-02-18,0,280
2017-02-18,1,194
2017-02-19,-1,73
2017-02-19,0,170
2017-02-19,1,89
2017-02-20,-1,50
2017-02-20,0,337
2017-02-20,1,170
2017-02-21,-1,108
2017-02-21,0,531
2017-02-21,1,171
2017-02-22,-1,43
2017-02-22,0,301
2017-02-22,1,148
2017-02-23,-1,85
2017-02-23,0,524
2017-02-23,1,285
2017-02-24,-1,146
2017-02-24,0,507
2017-02-24,1,254
2017-02-25,-1,54
2017-02-25,0,251
2017-02-25,1,162
2017-02-26,-1,34
2017-02-26,0,121
2017-02-26,1,100
2017-02-27,-1,114
2017-02-27,0,490
2017-02-27,1,325
2017-02-28,-1,107
2017-02-28,0,594
2017-02-28,1,383
2017-03-01,-1,104
2017-03-01,0,534
2017-03-01,1,286
2017-03-02,-1,113
2017-03-02,0,411
2017-03-02,1,346
2017-03-03,-1,127
2017-03-03,0,431
2017-03-03,1,279
2017-03-04,-1,59
2017-03-04,0,208
2017-03-04,1,141
2017-03-05,-1,37
2017-03-05,0,138
2017-03-05,1,112
2017-03-06,-1,84
2017-03-06,0,356
2017-03-06,1,188
2017-03-07,-1,140
2017-03-07,0,357
2017-03-07,1,297
2017-03-08,-1,127
2017-03-08,0,387
2017-03-08,1,273
2017-03-09,-1,92
2017-03-09,0,316
2017-03-09,1,183
2017-03-10,-1,69
2017-03-10,0,258
2017-03-10,1,174
2017-03-11,-1,27
2017-03-11,0,162
2017-03-11,1,108
2017-03-12,-1,13
2017-03-12,0,97
2017-03-12,1,59
2017-03-13,-1,5
2017-03-13,0,24
2017-03-13,1,30
2017-03-14,-1,33
2017-03-14,0,204
2017-03-14,1,96
2017-03-15,-1,63
2017-03-15,0,295
2017-03-15,1,151
2017-03-16,-1,102
2017-03-16,0,357
2017-03-16,1,220
2017-03-17,-1,79
2017-03-17,0,321
2017-03-17,1,196
2017-03-18,-1,48
2017-03-18,0,211
2017-03-18,1,186
2017-03-19,-1,27
2017-03-19,0,127
2017-03-19,1,91
2017-03-20,-1,64
2017-03-20,0,256
2017-03-20,1,178
2017-03-21,-1,167
2017-03-21,0,685
2017-03-21,1,425
2017-03-22,-1,148
2017-03-22,0,541
2017-03-22,1,282
2017-03-23,-1,84
2017-03-23,0,333
2017-03-23,1,184
2017-03-24,-1,102
2017-03-24,0,304
2017-03-24,1,199
2017-03-25,-1,37
2017-03-25,0,117
2017-03-25,1,90
2017-03-26,-1,14
2017-03-26,0,80
2017-03-26,1,70
2017-03-27,-1,81
2017-03-27,0,228
2017-03-27,1,164
2017-03-28,-1,14
2017-03-28,0,50
2017-03-28,1,49
2017-03-29,-1,73
2017-03-29,0,289
2017-03-29,1,208
2017-03-30,-1,96
2017-03-30,0,285
2017-03-30,1,230
2017-03-31,-1,81
2017-03-31,0,273
2017-03-31,1,195
2017-04-01,-1,30
2017-04-01,0,154
2017-04-01,1,108
2017-04-02,-1,11
2017-04-02,0,125
2017-04-02,1,72
2017-04-03,-1,92
2017-04-03,0,255
2017-04-03,1,196
2017-04-04,-1,81
2017-04-04,0,277
2017-04-04,1,213
2017-04-05,-1,119
2017-04-05,0,308
2017-04-05,1,225
2017-04-06,-1,85
2017-04-06,0,270
2017-04-06,1,196
2017-04-07,-1,73
2017-04-07,0,195
2017-04-07,1,139
2017-04-08,-1,29
2017-04-08,0,127
2017-04-08,1,108
2017-04-09,-1,30
2017-04-09,0,89
2017-04-09,1,46
2017-04-10,-1,3
2017-04-10,0,14
2017-04-10,1,16
2017-04-11,-1,141
2017-04-11,0,237
2017-04-11,1,188
2017-04-12,-1,89
2017-04-12,0,247
2017-04-12,1,157
2017-04-13,-1,102
2017-04-13,0,292
2017-04-13,1,206
2017-04-14,-1,42
2017-04-14,0,219
2017-04-14,1,153
2017-04-15,-1,35
2017-04-15,0,153
2017-04-15,1,76
2017-04-16,-1,17
2017-04-16,0,73
2017-04-16,1,49
2017-04-17,-1,47
2017-04-17,0,197
2017-04-17,1,94
2017-04-18,-1,81
2017-04-18,0,227
2017-04-18,1,175
2017-04-19,-1,85
2017-04-19,0,288
2017-04-19,1,198
2017-04-20,-1,82
2017-04-20,0,262
2017-04-20,1,202
2017-04-21,-1,40
2017-04-21,0,213
2017-04-21,1,171
2017-04-22,-1,27
2017-04-22,0,122
2017-04-22,1,113
2017-04-23,-1,32
2017-04-23,0,68
2017-04-23,1,55
2017-04-24,-1,54
2017-04-24,0,176
2017-04-24,1,126
2017-04-25,-1,79
2017-04-25,0,253
2017-04-25,1,172
2017-04-26,-1,65
2017-04-26,0,215
2017-04-26,1,259
2017-04-27,-1,49
2017-04-27,0,219
2017-04-27,1,202
2017-04-28,-1,93
2017-04-28,0,239
2017-04-28,1,253
2017-04-29,-1,52
2017-04-29,0,151
2017-04-29,1,131
2017-04-30,-1,21
2017-04-30,0,103
2017-04-30,1,87
2017-05-01,-1,63
2017-05-01,0,336
2017-05-01,1,346
2017-05-02,-1,21
2017-05-02,0,147
2017-05-02,1,139
2017-05-03,-1,573
2017-05-03,0,1145
2017-05-03,1,967
2017-05-04,-1,158
2017-05-04,0,414
2017-05-04,1,376
2017-05-05,-1,96
2017-05-05,0,316
2017-05-05,1,275
2017-05-06,-1,49
2017-05-06,0,174
2017-05-06,1,158
2017-05-07,-1,30
2017-05-07,0,130
2017-05-07,1,96
2017-05-08,-1,116
2017-05-08,0,436
2017-05-08,1,410
2017-05-09,-1,140
2017-05-09,0,523
2017-05-09,1,388
2017-05-10,-1,104
2017-05-10,0,357
2017-05-10,1,271
2017-05-11,-1,93
2017-05-11,0,279
2017-05-11,1,180
2017-05-12,-1,132
2017-05-12,0,376
2017-05-12,1,311
2017-05-13,-1,44
2017-05-13,0,156
2017-05-13,1,170
2017-05-14,-1,28
2017-05-14,0,122
2017-05-14,1,96
2017-05-15,-1,54
2017-05-15,0,227
2017-05-15,1,183
2017-05-16,-1,73
2017-05-16,0,293
2017-05-16,1,224
2017-05-17,-1,125
2017-05-17,0,354
2017-05-17,1,254
2017-05-18,-1,113
2017-05-18,0,270
2017-05-18,1,247
2017-05-19,-1,57
2017-05-19,0,195
2017-05-19,1,209
2017-05-20,-1,25
2017-05-20,0,124
2017-05-20,1,127
2017-05-21,-1,17
2017-05-21,0,103
2017-05-21,1,97
2017-05-22,-1,64
2017-05-22,0,197
2017-05-22,1,133
2017-05-23,-1,91
2017-05-23,0,253
2017-05-23,1,234
2017-05-24,-1,94
2017-05-24,0,247
2017-05-24,1,198
2017-05-25,-1,63
2017-05-25,0,164
2017-05-25,1,132
2017-05-26,-1,67
2017-05-26,0,226
2017-05-26,1,199
2017-05-27,-1,41
2017-05-27,0,147
2017-05-27,1,112
2017-05-28,-1,12
2017-05-28,0,99
2017-05-28,1,45
2017-05-29,-1,26
2017-05-29,0,66
2017-05-29,1,97
2017-05-30,-1,60
2017-05-30,0,203
2017-05-30,1,148
2017-05-31,-1,53
2017-05-31,0,242
2017-05-31,1,192
2017-06-01,-1,47
2017-06-01,0,228
2017-06-01,1,187
2017-06-02,-1,63
2017-06-02,0,238
2017-06-02,1,217
2017-06-03,-1,37
2017-06-03,0,144
2017-06-03,1,139
2017-06-04,-1,26
2017-06-04,0,92
2017-06-04,1,82
2017-06-05,-1,161
2017-06-05,0,456
2017-06-05,1,359
2017-06-06,-1,196
2017-06-06,0,603
2017-06-06,1,494
2017-06-07,-1,86
2017-06-07,0,359
2017-06-07,1,274
2017-06-08,-1,73
2017-06-08,0,270
2017-06-08,1,171
2017-06-09,-1,126
2017-06-09,0,323
2017-06-09,1,196
2017-06-10,-1,112
2017-06-10,0,252
2017-06-10,1,200
2017-06-11,-1,36
2017-06-11,0,125
2017-06-11,1,93
2017-06-12,-1,188
2017-06-12,0,399
2017-06-12,1,341
2017-06-13,-1,159
2017-06-13,0,453
2017-06-13,1,279
2017-06-14,-1,74
2017-06-14,0,302
2017-06-14,1,188
2017-06-15,-1,130
2017-06-15,0,371
2017-06-15,1,272
2017-06-16,-1,84
2017-06-16,0,232
2017-06-16,1,236
2017-06-17,-1,50
2017-06-17,0,142
2017-06-17,1,125
2017-06-18,-1,24
2017-06-18,0,97
2017-06-18,1,82
2017-06-19,-1,59
2017-06-19,0,259
2017-06-19,1,209
2017-06-20,-1,62
2017-06-20,0,232
2017-06-20,1,196
2017-06-21,-1,92
2017-06-21,0,225
2017-06-21,1,180
2017-06-22,-1,76
2017-06-22,0,284
2017-06-22,1,196
2017-06-23,-1,82
2017-06-23,0,254
2017-06-23,1,210
2017-06-24,-1,30
2017-06-24,0,163
2017-06-24,1,127
2017-06-25,-1,20
2017-06-25,0,120
2017-06-25,1,74
2017-06-26,-1,42
2017-06-26,0,209
2017-06-26,1,151
2017-06-27,-1,77
2017-06-27,0,298
2017-06-27,1,236
2017-06-28,-1,85
2017-06-28,0,258
2017-06-28,1,214
2017-06-29,-1,82
2017-06-29,0,294
2017-06-29,1,221
2017-06-30,-1,53
2017-06-30,0,194
2017-06-30,1,230
2017-07-01,-1,33
2017-07-01,0,123
2017-07-01,1,145
2017-07-02,-1,26
2017-07-02,0,69
2017-07-02,1,110
2017-07-03,-1,41
2017-07-03,0,162
2017-07-03,1,191
2017-07-04,-1,73
2017-07-04,0,205
2017-07-04,1,233
2017-07-05,-1,54
2017-07-05,0,207
2017-07-05,1,179
2017-07-06,-1,75
2017-07-06,0,270
2017-07-06,1,221
2017-07-07,-1,141
2017-07-07,0,224
2017-07-07,1,264
2017-07-08,-1,27
2017-07-08,0,126
2017-07-08,1,164
2017-07-09,-1,11
2017-07-09,0,86
2017-07-09,1,120
2017-07-10,-1,66
2017-07-10,0,219
2017-07-10,1,174
2017-07-11,-1,33
2017-07-11,0,113
2017-07-11,1,131
2017-07-12,-1,96
2017-07-12,0,273
2017-07-12,1,272
2017-07-13,-1,81
2017-07-13,0,291
2017-07-13,1,270
2017-07-14,-1,56
2017-07-14,0,257
2017-07-14,1,215
2017-07-15,-1,35
2017-07-15,0,120
2017-07-15,1,171
2017-07-16,-1,27
2017-07-16,0,90
2017-07-16,1,133
2017-07-17,-1,68
2017-07-17,0,245
2017-07-17,1,179
2017-07-18,-1,74
2017-07-18,0,238
2017-07-18,1,212
2017-07-19,-1,84
2017-07-19,0,305
2017-07-19,1,338
2017-07-20,-1,58
2017-07-20,0,225
2017-07-20,1,352
2017-07-21,-1,66
2017-07-21,0,205
2017-07-21,1,258
2017-07-22,-1,30
2017-07-22,0,116
2017-07-22,1,148
2017-07-23,-1,18
2017-07-23,0,87
2017-07-23,1,115
2017-07-24,-1,34
2017-07-24,0,181
2017-07-24,1,173
2017-07-25,-1,75
2017-07-25,0,241
2017-07-25,1,327
2017-07-26,-1,52
2017-07-26,0,243
2017-07-26,1,310
2017-07-27,-1,81
2017-07-27,0,289
2017-07-27,1,330
2017-07-28,-1,94
2017-07-28,0,214
2017-07-28,1,249
2017-07-29,-1,41
2017-07-29,0,136
2017-07-29,1,216
2017-07-30,-1,20
2017-07-30,0,119
2017-07-30,1,136
2017-07-31,-1,59
2017-07-31,0,278
2017-07-31,1,169
2017-08-01,-1,111
2017-08-01,0,417
2017-08-01,1,380
2017-08-02,-1,428
2017-08-02,0,1561
2017-08-02,1,1400
2017-08-03,-1,135
2017-08-03,0,415
2017-08-03,1,398
2017-08-04,-1,61
2017-08-04,0,242
2017-08-04,1,288
2017-08-05,-1,37
2017-08-05,0,183
2017-08-05,1,135
2017-08-06,-1,23
2017-08-06,0,139
2017-08-06,1,121
2017-08-07,-1,47
2017-08-07,0,202
2017-08-07,1,206
2017-08-08,-1,102
2017-08-08,0,341
2017-08-08,1,324
2017-08-09,-1,109
2017-08-09,0,266
2017-08-09,1,726
2017-08-10,-1,86
2017-08-10,0,234
2017-08-10,1,589
2017-08-11,-1,81
2017-08-11,0,245
2017-08-11,1,399
2017-08-12,-1,32
2017-08-12,0,111
2017-08-12,1,218
2017-08-13,-1,16
2017-08-13,0,61
2017-08-13,1,170
2017-08-14,-1,34
2017-08-14,0,106
2017-08-14,1,148
2017-08-15,-1,103
2017-08-15,0,357
2017-08-15,1,401
2017-08-16,-1,87
2017-08-16,0,313
2017-08-16,1,413
2017-08-17,-1,101
2017-08-17,0,258
2017-08-17,1,350
2017-08-18,-1,72
2017-08-18,0,238
2017-08-18,1,284
2017-08-19,-1,32
2017-08-19,0,127
2017-08-19,1,216
2017-08-20,-1,20
2017-08-20,0,59
2017-08-20,1,116
2017-08-21,-1,43
2017-08-21,0,162
2017-08-21,1,255
2017-08-22,-1,53
2017-08-22,0,259
2017-08-22,1,298
2017-08-23,-1,76
2017-08-23,0,284
2017-08-23,1,343
2017-08-24,-1,90
2017-08-24,0,254
2017-08-24,1,283
2017-08-25,-1,71
2017-08-25,0,283
2017-08-25,1,270
2017-08-26,-1,24
2017-08-26,0,111
2017-08-26,1,171
2017-08-27,-1,20
2017-08-27,0,83
2017-08-27,1,141
2017-08-28,-1,39
2017-08-28,0,229
2017-08-28,1,227
2017-08-29,-1,130
2017-08-29,0,603
2017-08-29,1,479
2017-08-30,-1,112
2017-08-30,0,466
2017-08-30,1,493
2017-08-31,-1,70
2017-08-31,0,311
2017-08-31,1,340
2017-09-01,-1,88
2017-09-01,0,279
2017-09-01,1,329
2017-09-02,-1,40
2017-09-02,0,126
2017-09-02,1,187
2017-09-03,-1,20
2017-09-03,0,95
2017-09-03,1,129
2017-09-04,-1,31
2017-09-04,0,110
2017-09-04,1,146
2017-09-05,-1,81
2017-09-05,0,228
2017-09-05,1,260
2017-09-06,-1,99
2017-09-06,0,302
2017-09-06,1,303
2017-09-07,-1,111
2017-09-07,0,314
2017-09-07,1,259
2017-09-08,-1,26
2017-09-08,0,47
2017-09-08,1,53
2017-09-09,-1,3
2017-09-09,0,2
2017-09-09,1,2
2017-09-10,-1,53
2017-09-10,0,136
2017-09-10,1,125
2017-09-11,-1,132
2017-09-11,0,355
2017-09-11,1,239
2017-09-12,-1,131
2017-09-12,0,390
2017-09-12,1,289
2017-09-13,-1,267
2017-09-13,0,648
2017-09-13,1,526
2017-09-14,-1,187
2017-09-14,0,550
2017-09-14,1,453
2017-09-15,-1,176
2017-09-15,0,538
2017-09-15,1,456
2017-09-16,-1,113
2017-09-16,0,288
2017-09-16,1,248
2017-09-17,-1,52
2017-09-17,0,122
2017-09-17,1,105
2017-09-18,-1,100
2017-09-18,0,254
2017-09-18,1,237
2017-09-19,-1,155
2017-09-19,0,399
2017-09-19,1,376
2017-09-20,-1,248
2017-09-20,0,455
2017-09-20,1,480
2017-09-21,-1,174
2017-09-21,0,363
2017-09-21,1,383
2017-09-22,-1,164
2017-09-22,0,295
2017-09-22,1,281
2017-09-23,-1,78
2017-09-23,0,220
2017-09-23,1,233
2017-09-24,-1,41
2017-09-24,0,149
2017-09-24,1,137
2017-09-25,-1,201
2017-09-25,0,402
2017-09-25,1,372
2017-09-26,-1,145
2017-09-26,0,453
2017-09-26,1,406
2017-09-27,-1,96
2017-09-27,0,276
2017-09-27,1,302
2017-09-28,-1,82
2017-09-28,0,263
2017-09-28,1,282
2017-09-29,-1,67
2017-09-29,0,250
2017-09-29,1,273
2017-09-30,-1,38
2017-09-30,0,118
2017-09-30,1,185
2017-10-01,-1,21
2017-10-01,0,81
2017-10-01,1,110
2017-10-02,-1,79
2017-10-02,0,172
2017-10-02,1,195
2017-10-03,-1,67
2017-10-03,0,234
2017-10-03,1,267
2017-10-04,-1,118
2017-10-04,0,271
2017-10-04,1,290
2017-10-05,-1,75
2017-10-05,0,277
2017-10-05,1,249
2017-10-06,-1,59
2017-10-06,0,271
2017-10-06,1,262
2017-10-07,-1,37
2017-10-07,0,111
2017-10-07,1,162
2017-10-08,-1,25
2017-10-08,0,83
2017-10-08,1,134
2017-10-09,-1,52
2017-10-09,0,184
2017-10-09,1,222
2017-10-10,-1,98
2017-10-10,0,273
2017-10-10,1,234
2017-10-11,-1,32
2017-10-11,0,131
2017-10-11,1,184
2017-10-12,-1,62
2017-10-12,0,186
2017-10-12,1,212
2017-10-13,-1,75
2017-10-13,0,184
2017-10-13,1,237
2017-10-14,-1,43
2017-10-14,0,107
2017-10-14,1,159
2017-10-15,-1,30
2017-10-15,0,73
2017-10-15,1,107
2017-10-16,-1,89
2017-10-16,0,269
2017-10-16,1,237
2017-10-17,-1,78
2017-10-17,0,206
2017-10-17,1,223
2017-10-18,-1,64
2017-10-18,0,259
2017-10-18,1,289
2017-10-19,-1,13
2017-10-19,0,54
2017-10-19,1,95
2017-10-20,-1,70
2017-10-20,0,177
2017-10-20,1,229
2017-10-21,-1,18
2017-10-21,0,65
2017-10-21,1,98
2017-10-22,-1,16
2017-10-22,0,72
2017-10-22,1,108
2017-10-23,-1,61
2017-10-23,0,165
2017-10-23,1,173
2017-10-24,-1,23
2017-10-24,0,60
2017-10-24,1,58
2017-10-25,-1,59
2017-10-25,0,223
2017-10-25,1,236
2017-10-26,-1,75
2017-10-26,0,171
2017-10-26,1,210
2017-10-27,-1,12
2017-10-27,0,46
2017-10-27,1,76
2017-10-28,-1,37
2017-10-28,0,168
2017-10-28,1,173
2017-10-29,-1,39
2017-10-29,0,126
2017-10-29,1,140
2017-10-30,-1,89
2017-10-30,0,337
2017-10-30,1,323
2017-10-31,-1,168
2017-10-31,0,405
2017-10-31,1,363
2017-11-01,-1,100
2017-11-01,0,320
2017-11-01,1,317
2017-11-02,-1,93
2017-11-02,0,338
2017-11-02,1,393
2017-11-03,-1,402
2017-11-03,0,1167
2017-11-03,1,1135
2017-11-04,-1,44
2017-11-04,0,128
2017-11-04,1,179
2017-11-05,-1,40
2017-11-05,0,102
2017-11-05,1,128
2017-11-06,-1,79
2017-11-06,0,244
2017-11-06,1,245
2017-11-07,-1,96
2017-11-07,0,353
2017-11-07,1,329
2017-11-08,-1,103
2017-11-08,0,290
2017-11-08,1,316
2017-11-09,-1,112
2017-11-09,0,382
2017-11-09,1,328
2017-11-10,-1,100
2017-11-10,0,299
2017-11-10,1,264
2017-11-11,-1,37
2017-11-11,0,130
2017-11-11,1,200
2017-11-12,-1,22
2017-11-12,0,96
2017-11-12,1,164
2017-11-13,-1,56
2017-11-13,0,144
2017-11-13,1,181
2017-11-14,-1,60
2017-11-14,0,187
2017-11-14,1,267
2017-11-15,-1,114
2017-11-15,0,278
2017-11-15,1,403
2017-11-16,-1,71
2017-11-16,0,241
2017-11-16,1,502
2017-11-17,-1,67
2017-11-17,0,203
2017-11-17,1,333
2017-11-18,-1,66
2017-11-18,0,110
2017-11-18,1,170
2017-11-19,-1,39
2017-11-19,0,113
2017-11-19,1,157
2017-11-20,-1,46
2017-11-20,0,164
2017-11-20,1,235
2017-11-21,-1,76
2017-11-21,0,257
2017-11-21,1,290
2017-11-22,-1,94
2017-11-22,0,286
2017-11-22,1,296
2017-11-23,-1,29
2017-11-23,0,128
2017-11-23,1,171
2017-11-24,-1,47
2017-11-24,0,131
2017-11-24,1,204
2017-11-25,-1,40
2017-11-25,0,100
2017-11-25,1,217
2017-11-26,-1,28
2017-11-26,0,64
2017-11-26,1,116
2017-11-27,-1,56
2017-11-27,0,155
2017-11-27,1,200
2017-11-28,-1,83
2017-11-28,0,185
2017-11-28,1,252
2017-11-29,-1,136
2017-11-29,0,282
2017-11-29,1,401
2017-11-30,-1,93
2017-11-30,0,287
2017-11-30,1,344
2017-12-01,-1,44
2017-12-01,0,125
2017-12-01,1,139
2017-12-02,-1,33
2017-12-02,0,74
2017-12-02,1,137
2017-12-03,-1,35
2017-12-03,0,82
2017-12-03,1,152
2017-12-04,-1,67
2017-12-04,0,173
2017-12-04,1,247
2017-12-05,-1,99
2017-12-05,0,255
2017-12-05,1,328
2017-12-06,-1,104
2017-12-06,0,205
2017-12-06,1,334
2017-12-07,-1,72
2017-12-07,0,200
2017-12-07,1,362
2017-12-08,-1,62
2017-12-08,0,214
2017-12-08,1,357
2017-12-09,-1,33
2017-12-09,0,162
2017-12-09,1,232
2017-12-10,-1,26
2017-12-10,0,104
2017-12-10,1,183
2017-12-11,-1,57
2017-12-11,0,198
2017-12-11,1,295
2017-12-12,-1,75
2017-12-12,0,275
2017-12-12,1,389
2017-12-13,-1,68
2017-12-13,0,212
2017-12-13,1,353
2017-12-14,-1,39
2017-12-14,0,141
2017-12-14,1,262
2017-12-15,-1,65
2017-12-15,0,240
2017-12-15,1,264
2017-12-16,-1,50
2017-12-16,0,153
2017-12-16,1,263
2017-12-17,-1,16
2017-12-17,0,74
2017-12-17,1,143
2017-12-18,-1,16
2017-12-18,0,60
2017-12-18,1,112
2017-12-19,-1,112
2017-12-19,0,322
2017-12-19,1,442
2017-12-20,-1,82
2017-12-20,0,214
2017-12-20,1,352
2017-12-21,-1,106
2017-12-21,0,250
2017-12-21,1,455
2017-12-22,-1,92
2017-12-22,0,173
2017-12-22,1,396
2017-12-23,-1,61
2017-12-23,0,153
2017-12-23,1,221
2017-12-24,-1,23
2017-12-24,0,84
2017-12-24,1,148
2017-12-25,-1,25
2017-12-25,0,84
2017-12-25,1,112
2017-12-26,-1,215
2017-12-26,0,240
2017-12-26,1,324
2017-12-27,-1,248
2017-12-27,0,233
2017-12-27,1,385
2017-12-28,-1,106
2017-12-28,0,232
2017-12-28,1,419
2017-12-29,-1,121
2017-12-29,0,192
2017-12-29,1,393
2017-12-30,-1,58
2017-12-30,0,138
2017-12-30,1,277
2017-12-31,-1,42
2017-12-31,0,93
2017-12-31,1,189
2018-01-01,-1,20
2018-01-01,0,88
2018-01-01,1,207
2018-01-02,-1,54
2018-01-02,0,247
2018-01-02,1,294
2018-01-03,-1,73
2018-01-03,0,268
2018-01-03,1,322
2018-01-04,-1,86
2018-01-04,0,178
2018-01-04,1,348
2018-01-05,-1,135
2018-01-05,0,321
2018-01-05,1,358
2018-01-06,-1,36
2018-01-06,0,99
2018-01-06,1,153
2018-01-07,-1,21
2018-01-07,0,82
2018-01-07,1,178
2018-01-08,-1,61
2018-01-08,0,206
2018-01-08,1,333
2018-01-09,-1,84
2018-01-09,0,310
2018-01-09,1,405
2018-01-10,-1,103
2018-01-10,0,248
2018-01-10,1,333
2018-01-11,-1,100
2018-01-11,0,224
2018-01-11,1,333
2018-01-12,-1,78
2018-01-12,0,235
2018-01-12,1,335
2018-01-13,-1,52
2018-01-13,0,180
2018-01-13,1,288
2018-01-14,-1,27
2018-01-14,0,98
2018-01-14,1,172
2018-01-15,-1,36
2018-01-15,0,108
2018-01-15,1,230
2018-01-16,-1,69
2018-01-16,0,259
2018-01-16,1,330
2018-01-17,-1,116
2018-01-17,0,255
2018-01-17,1,356
2018-01-18,-1,178
2018-01-18,0,444
2018-01-18,1,607
2018-01-19,-1,130
2018-01-19,0,245
2018-01-19,1,373
2018-01-20,-1,40
2018-01-20,0,131
2018-01-20,1,251
2018-01-21,-1,34
2018-01-21,0,97
2018-01-21,1,190
2018-01-22,-1,86
2018-01-22,0,183
2018-01-22,1,273
2018-01-23,-1,101
2018-01-23,0,277
2018-01-23,1,358
2018-01-24,-1,232
2018-01-24,0,388
2018-01-24,1,553
2018-01-25,-1,167
2018-01-25,0,352
2018-01-25,1,449
2018-01-26,-1,181
2018-01-26,0,330
2018-01-26,1,697
2018-01-27,-1,64
2018-01-27,0,201
2018-01-27,1,531
2018-01-28,-1,54
2018-01-28,0,104
2018-01-28,1,289
2018-01-29,-1,189
2018-01-29,0,416
2018-01-29,1,616
2018-01-30,-1,238
2018-01-30,0,426
2018-01-30,1,637
2018-01-31,-1,166
2018-01-31,0,402
2018-01-31,1,589
2018-02-01,-1,48
2018-02-01,0,89
2018-02-01,1,182
2018-02-02,-1,388
2018-02-02,0,817
2018-02-02,1,803
2018-02-03,-1,174
2018-02-03,0,288
2018-02-03,1,422
2018-02-04,-1,53
2018-02-04,0,134
2018-02-04,1,256
2018-02-05,-1,104
2018-02-05,0,340
2018-02-05,1,438
2018-02-06,-1,206
2018-02-06,0,430
2018-02-06,1,547
2018-02-07,-1,177
2018-02-07,0,434
2018-02-07,1,519
2018-02-08,-1,132
2018-02-08,0,286
2018-02-08,1,440
2018-02-09,-1,178
2018-02-09,0,256
2018-02-09,1,393
2018-02-10,-1,62
2018-02-10,0,155
2018-02-10,1,253
2018-02-11,-1,26
2018-02-11,0,91
2018-02-11,1,170
2018-02-12,-1,76
2018-02-12,0,203
2018-02-12,1,353
2018-02-13,-1,114
2018-02-13,0,270
2018-02-13,1,440
2018-02-14,-1,133
2018-02-14,0,300
2018-02-14,1,393
2018-02-15,-1,124
2018-02-15,0,352
2018-02-15,1,476
2018-02-16,-1,120
2018-02-16,0,261
2018-02-16,1,437
2018-02-17,-1,62
2018-02-17,0,155
2018-02-17,1,224
2018-02-18,-1,45
2018-02-18,0,77
2018-02-18,1,160
2018-02-19,-1,65
2018-02-19,0,102
2018-02-19,1,217
2018-02-20,-1,112
2018-02-20,0,209
2018-02-20,1,240
2018-02-21,-1,81
2018-02-21,0,243
2018-02-21,1,314
2018-02-22,-1,96
2018-02-22,0,231
2018-02-22,1,320
2018-02-23,-1,96
2018-02-23,0,224
2018-02-23,1,308
2018-02-24,-1,60
2018-02-24,0,149
2018-02-24,1,228
2018-02-25,-1,45
2018-02-25,0,126
2018-02-25,1,174
2018-02-26,-1,69
2018-02-26,0,338
2018-02-26,1,343
2018-02-27,-1,99
2018-02-27,0,332
2018-02-27,1,448
2018-02-28,-1,116
2018-02-28,0,247
2018-02-28,1,365
2018-03-01,-1,125
2018-03-01,0,254
2018-03-01,1,367
2018-03-02,-1,149
2018-03-02,0,299
2018-03-02,1,319
2018-03-03,-1,98
2018-03-03,0,162
2018-03-03,1,222
2018-03-04,-1,25
2018-03-04,0,67
2018-03-04,1,138
2018-03-05,-1,73
2018-03-05,0,184
2018-03-05,1,270
2018-03-06,-1,30
2018-03-06,0,87
2018-03-06,1,124
2018-03-07,-1,115
2018-03-07,0,205
2018-03-07,1,248
2018-03-08,-1,80
2018-03-08,0,249
2018-03-08,1,229
2018-03-09,-1,66
2018-03-09,0,192
2018-03-09,1,251
2018-03-10,-1,35
2018-03-10,0,135
2018-03-10,1,202
2018-03-11,-1,30
2018-03-11,0,100
2018-03-11,1,150
2018-03-12,-1,52
2018-03-12,0,273
2018-03-12,1,295
2018-03-13,-1,88
2018-03-13,0,355
2018-03-13,1,371
2018-03-14,-1,119
2018-03-14,0,229
2018-03-14,1,261
2018-03-15,-1,107
2018-03-15,0,234
2018-03-15,1,292
2018-03-16,-1,72
2018-03-16,0,175
2018-03-16,1,255
2018-03-17,-1,38
2018-03-17,0,162
2018-03-17,1,224
2018-03-18,-1,21
2018-03-18,0,77
2018-03-18,1,127
2018-03-19,-1,86
2018-03-19,0,277
2018-03-19,1,280
2018-03-20,-1,96
2018-03-20,0,305
2018-03-20,1,322
2018-03-21,-1,89
2018-03-21,0,256
2018-03-21,1,340
2018-03-22,-1,143
2018-03-22,0,341
2018-03-22,1,438
2018-03-23,-1,106
2018-03-23,0,335
2018-03-23,1,364
2018-03-24,-1,56
2018-03-24,0,155
2018-03-24,1,216
2018-03-25,-1,34
2018-03-25,0,107
2018-03-25,1,131
2018-03-26,-1,76
2018-03-26,0,218
2018-03-26,1,266
2018-03-27,-1,99
2018-03-27,0,335
2018-03-27,1,401
2018-03-28,-1,169
2018-03-28,0,297
2018-03-28,1,424
2018-03-29,-1,122
2018-03-29,0,289
2018-03-29,1,297
2018-03-30,-1,56
2018-03-30,0,219
2018-03-30,1,230
2018-03-31,-1,30
2018-03-31,0,132
2018-03-31,1,142
2018-04-01,-1,28
2018-04-01,0,90
2018-04-01,1,102
2018-04-02,-1,137
2018-04-02,0,220
2018-04-02,1,260
2018-04-03,-1,166
2018-04-03,0,338
2018-04-03,1,324
2018-04-04,-1,99
2018-04-04,0,268
2018-04-04,1,341
2018-04-05,-1,37
2018-04-05,0,114
2018-04-05,1,128
2018-04-06,-1,99
2018-04-06,0,201
2018-04-06,1,273
2018-04-07,-1,66
2018-04-07,0,152
2018-04-07,1,169
2018-04-08,-1,49
2018-04-08,0,131
2018-04-08,1,130
2018-04-09,-1,60
2018-04-09,0,195
2018-04-09,1,201
2018-04-10,-1,83
2018-04-10,0,214
2018-04-10,1,321
2018-04-11,-1,77
2018-04-11,0,212
2018-04-11,1,332
2018-04-12,-1,95
2018-04-12,0,226
2018-04-12,1,333
2018-04-13,-1,118
2018-04-13,0,218
2018-04-13,1,305
2018-04-14,-1,73
2018-04-14,0,125
2018-04-14,1,170
2018-04-15,-1,31
2018-04-15,0,64
2018-04-15,1,93
2018-04-16,-1,51
2018-04-16,0,127
2018-04-16,1,181
2018-04-17,-1,28
2018-04-17,0,77
2018-04-17,1,108
2018-04-18,-1,67
2018-04-18,0,152
2018-04-18,1,218
2018-04-19,-1,145
2018-04-19,0,204
2018-04-19,1,240
2018-04-20,-1,334
2018-04-20,0,332
2018-04-20,1,387
2018-04-21,-1,103
2018-04-21,0,190
2018-04-21,1,210
2018-04-22,-1,43
2018-04-22,0,74
2018-04-22,1,96
2018-04-23,-1,112
2018-04-23,0,240
2018-04-23,1,263
2018-04-24,-1,140
2018-04-24,0,223
2018-04-24,1,266
2018-04-25,-1,120
2018-04-25,0,258
2018-04-25,1,286
2018-04-26,-1,121
2018-04-26,0,190
2018-04-26,1,274
2018-04-27,-1,128
2018-04-27,0,250
2018-04-27,1,294
2018-04-28,-1,56
2018-04-28,0,166
2018-04-28,1,168
2018-04-29,-1,40
2018-04-29,0,78
2018-04-29,1,121
2018-04-30,-1,126
2018-04-30,0,227
2018-04-30,1,282
2018-05-01,-1,205
2018-05-01,0,424
2018-05-01,1,434
2018-05-02,-1,515
2018-05-02,0,1163
2018-05-02,1,1370
2018-05-03,-1,156
2018-05-03,0,387
2018-05-03,1,408
2018-05-04,-1,201
2018-05-04,0,470
2018-05-04,1,639
2018-05-05,-1,47
2018-05-05,0,145
2018-05-05,1,190
2018-05-06,-1,32
2018-05-06,0,147
2018-05-06,1,197
2018-05-07,-1,120
2018-05-07,0,281
2018-05-07,1,410
2018-05-08,-1,82
2018-05-08,0,296
2018-05-08,1,353
2018-05-09,-1,63
2018-05-09,0,190
2018-05-09,1,301
2018-05-10,-1,99
2018-05-10,0,289
2018-05-10,1,381
2018-05-11,-1,84
2018-05-11,0,236
2018-05-11,1,371
2018-05-12,-1,51
2018-05-12,0,111
2018-05-12,1,247
2018-05-13,-1,26
2018-05-13,0,80
2018-05-13,1,152
2018-05-14,-1,59
2018-05-14,0,171
2018-05-14,1,254
2018-05-15,-1,90
2018-05-15,0,226
2018-05-15,1,279
2018-05-16,-1,95
2018-05-16,0,226
2018-05-16,1,292
2018-05-17,-1,72
2018-05-17,0,161
2018-05-17,1,274
2018-05-18,-1,52
2018-05-18,0,152
2018-05-18,1,240
2018-05-19,-1,43
2018-05-19,0,110
2018-05-19,1,163
2018-05-20,-1,29
2018-05-20,0,65
2018-05-20,1,139
2018-05-21,-1,65
2018-05-21,0,131
2018-05-21,1,216
2018-05-22,-1,60
2018-05-22,0,188
2018-05-22,1,246
2018-05-23,-1,68
2018-05-23,0,165
2018-05-23,1,227
2018-05-24,-1,88
2018-05-24,0,241
2018-05-24,1,281
2018-05-25,-1,87
2018-05-25,0,169
2018-05-25,1,290
2018-05-26,-1,44
2018-05-26,0,99
2018-05-26,1,214
2018-05-27,-1,29
2018-05-27,0,58
2018-05-27,1,125
2018-05-28,-1,33
2018-05-28,0,69
2018-05-28,1,142
2018-05-29,-1,61
2018-05-29,0,208
2018-05-29,1,263
2018-05-30,-1,77
2018-05-30,0,186
2018-05-30,1,293
2018-05-31,-1,64
2018-05-31,0,190
2018-05-31,1,260
2018-06-01,-1,76
2018-06-01,0,224
2018-06-01,1,285
2018-06-02,-1,38
2018-06-02,0,148
2018-06-02,1,210
2018-06-03,-1,24
2018-06-03,0,91
2018-06-03,1,130
2018-06-04,-1,37
2018-06-04,0,135
2018-06-04,1,164
2018-06-05,-1,136
2018-06-05,0,432
2018-06-05,1,516
2018-06-06,-1,71
2018-06-06,0,196
2018-06-06,1,293
2018-06-07,-1,68
2018-06-07,0,215
2018-06-07,1,272
2018-06-08,-1,160
2018-06-08,0,246
2018-06-08,1,324
2018-06-09,-1,38
2018-06-09,0,120
2018-06-09,1,146
2018-06-10,-1,28
2018-06-10,0,77
2018-06-10,1,130
2018-06-11,-1,78
2018-06-11,0,161
2018-06-11,1,215
2018-06-12,-1,81
2018-06-12,0,190
2018-06-12,1,250
2018-06-13,-1,61
2018-06-13,0,187
2018-06-13,1,277
2018-06-14,-1,84
2018-06-14,0,222
2018-06-14,1,277
2018-06-15,-1,60
2018-06-15,0,213
2018-06-15,1,307
2018-06-16,-1,39
2018-06-16,0,116
2018-06-16,1,203
2018-06-17,-1,41
2018-06-17,0,84
2018-06-17,1,155
2018-06-18,-1,63
2018-06-18,0,125
2018-06-18,1,241
2018-06-19,-1,105
2018-06-19,0,234
2018-06-19,1,299
2018-06-20,-1,68
2018-06-20,0,204
2018-06-20,1,254
2018-06-21,-1,79
2018-06-21,0,213
2018-06-21,1,252
2018-06-22,-1,66
2018-06-22,0,144
2018-06-22,1,203
2018-06-23,-1,40
2018-06-23,0,108
2018-06-23,1,213
2018-06-24,-1,19
2018-06-24,0,53
2018-06-24,1,124
2018-06-25,-1,74
2018-06-25,0,177
2018-06-25,1,227
2018-06-26,-1,76
2018-06-26,0,261
2018-06-26,1,258
2018-06-27,-1,67
2018-06-27,0,166
2018-06-27,1,274
2018-06-28,-1,85
2018-06-28,0,209
2018-06-28,1,238
2018-06-29,-1,49
2018-06-29,0,145
2018-06-29,1,235
2018-06-30,-1,27
2018-06-30,0,82
2018-06-30,1,120
2018-07-01,-1,26
2018-07-01,0,46
2018-07-01,1,112
2018-07-02,-1,34
2018-07-02,0,152
2018-07-02,1,167
2018-07-03,-1,49
2018-07-03,0,141
2018-07-03,1,192
2018-07-04,-1,28
2018-07-04,0,62
2018-07-04,1,118
2018-07-05,-1,49
2018-07-05,0,130
2018-07-05,1,155
2018-07-06,-1,48
2018-07-06,0,121
2018-07-06,1,217
2018-07-07,-1,33
2018-07-07,0,96
2018-07-07,1,168
2018-07-08,-1,21
2018-07-08,0,36
2018-07-08,1,96
2018-07-09,-1,41
2018-07-09,0,137
2018-07-09,1,177
2018-07-10,-1,42
2018-07-10,0,196
2018-07-10,1,242
2018-07-11,-1,109
2018-07-11,0,198
2018-07-11,1,248
2018-07-12,-1,59
2018-07-12,0,159
2018-07-12,1,237
2018-07-13,-1,43
2018-07-13,0,159
2018-07-13,1,271
2018-07-14,-1,30
2018-07-14,0,87
2018-07-14,1,147
2018-07-15,-1,11
2018-07-15,0,57
2018-07-15,1,87
2018-07-16,-1,35
2018-07-16,0,110
2018-07-16,1,147
2018-07-17,-1,57
2018-07-17,0,169
2018-07-17,1,256
2018-07-18,-1,50
2018-07-18,0,148
2018-07-18,1,214
2018-07-19,-1,81
2018-07-19,0,172
2018-07-19,1,266
2018-07-20,-1,61
2018-07-20,0,138
2018-07-20,1,255
2018-07-21,-1,29
2018-07-21,0,77
2018-07-21,1,148
2018-07-22,-1,21
2018-07-22,0,65
2018-07-22,1,116
2018-07-23,-1,31
2018-07-23,0,126
2018-07-23,1,186
2018-07-24,-1,62
2018-07-24,0,191
2018-07-24,1,259
2018-07-25,-1,52
2018-07-25,0,152
2018-07-25,1,201
2018-07-26,-1,88
2018-07-26,0,222
2018-07-26,1,287
2018-07-27,-1,69
2018-07-27,0,160
2018-07-27,1,265
2018-07-28,-1,37
2018-07-28,0,73
2018-07-28,1,107
2018-07-29,-1,29
2018-07-29,0,85
2018-07-29,1,144
2018-07-30,-1,95
2018-07-30,0,193
2018-07-30,1,305
2018-07-31,-1,36
2018-07-31,0,82
2018-07-31,1,98
2018-08-01,-1,290
2018-08-01,0,788
2018-08-01,1,985
2018-08-02,-1,173
2018-08-02,0,547
2018-08-02,1,716
2018-08-03,-1,213
2018-08-03,0,636
2018-08-03,1,841
2018-08-04,-1,65
2018-08-04,0,199
2018-08-04,1,337
2018-08-05,-1,40
2018-08-05,0,123
2018-08-05,1,164
2018-08-06,-1,118
2018-08-06,0,182
2018-08-06,1,308
2018-08-07,-1,116
2018-08-07,0,298
2018-08-07,1,431
2018-08-08,-1,100
2018-08-08,0,213
2018-08-08,1,340
2018-08-09,-1,81
2018-08-09,0,208
2018-08-09,1,356
2018-08-10,-1,65
2018-08-10,0,215
2018-08-10,1,291
2018-08-11,-1,44
2018-08-11,0,113
2018-08-11,1,187
2018-08-12,-1,14
2018-08-12,0,57
2018-08-12,1,130
2018-08-13,-1,56
2018-08-13,0,143
2018-08-13,1,239
2018-08-14,-1,100
2018-08-14,0,175
2018-08-14,1,286
2018-08-15,-1,94
2018-08-15,0,245
2018-08-15,1,339
2018-08-16,-1,92
2018-08-16,0,275
2018-08-16,1,341
2018-08-17,-1,121
2018-08-17,0,302
2018-08-17,1,402
2018-08-18,-1,57
2018-08-18,0,182
2018-08-18,1,260
2018-08-19,-1,27
2018-08-19,0,75
2018-08-19,1,151
2018-08-20,-1,105
2018-08-20,0,245
2018-08-20,1,253
2018-08-21,-1,104
2018-08-21,0,287
2018-08-21,1,373
2018-08-22,-1,83
2018-08-22,0,184
2018-08-22,1,323
2018-08-23,-1,73
2018-08-23,0,204
2018-08-23,1,268
2018-08-24,-1,68
2018-08-24,0,156
2018-08-24,1,272
2018-08-25,-1,31
2018-08-25,0,104
2018-08-25,1,181
2018-08-26,-1,46
2018-08-26,0,75
2018-08-26,1,158
2018-08-27,-1,43
2018-08-27,0,192
2018-08-27,1,265
2018-08-28,-1,64
2018-08-28,0,252
2018-08-28,1,329
2018-08-29,-1,80
2018-08-29,0,207
2018-08-29,1,397
2018-08-30,-1,137
2018-08-30,0,433
2018-08-30,1,546
2018-08-31,-1,154
2018-08-31,0,361
2018-08-31,1,484
2018-09-01,-1,69
2018-09-01,0,147
2018-09-01,1,261
2018-09-02,-1,19
2018-09-02,0,92
2018-09-02,1,182
2018-09-03,-1,25
2018-09-03,0,91
2018-09-03,1,171
2018-09-04,-1,81
2018-09-04,0,274
2018-09-04,1,389
2018-09-05,-1,111
2018-09-05,0,283
2018-09-05,1,490
2018-09-06,-1,119
2018-09-06,0,257
2018-09-06,1,396
2018-09-07,-1,99
2018-09-07,0,215
2018-09-07,1,351
2018-09-08,-1,144
2018-09-08,0,275
2018-09-08,1,323
2018-09-09,-1,52
2018-09-09,0,104
2018-09-09,1,183
2018-09-10,-1,160
2018-09-10,0,285
2018-09-10,1,368
2018-09-11,-1,117
2018-09-11,0,316
2018-09-11,1,456
2018-09-12,-1,255
2018-09-12,0,670
2018-09-12,1,815
2018-09-13,-1,239
2018-09-13,0,572
2018-09-13,1,738
2018-09-14,-1,123
2018-09-14,0,319
2018-09-14,1,457
2018-09-15,-1,60
2018-09-15,0,161
2018-09-15,1,247
2018-09-16,-1,31
2018-09-16,0,76
2018-09-16,1,181
2018-09-17,-1,135
2018-09-17,0,267
2018-09-17,1,326
2018-09-18,-1,156
2018-09-18,0,308
2018-09-18,1,433
2018-09-19,-1,108
2018-09-19,0,225
2018-09-19,1,343
2018-09-20,-1,82
2018-09-20,0,248
2018-09-20,1,383
2018-09-21,-1,71
2018-09-21,0,255
2018-09-21,1,349
2018-09-22,-1,71
2018-09-22,0,128
2018-09-22,1,224
2018-09-23,-1,20
2018-09-23,0,46
2018-09-23,1,160
2018-09-24,-1,67
2018-09-24,0,177
2018-09-24,1,325
2018-09-25,-1,114
2018-09-25,0,224
2018-09-25,1,345
2018-09-26,-1,67
2018-09-26,0,215
2018-09-26,1,308
2018-09-27,-1,27
2018-09-27,0,53
2018-09-27,1,83
2018-09-28,-1,69
2018-09-28,0,189
2018-09-28,1,330
2018-09-29,-1,67
2018-09-29,0,97
2018-09-29,1,213
2018-09-30,-1,27
2018-09-30,0,59
2018-09-30,1,146
2018-10-01,-1,63
2018-10-01,0,131
2018-10-01,1,244
2018-10-02,-1,76
2018-10-02,0,222
2018-10-02,1,358
2018-10-03,-1,27
2018-10-03,0,76
2018-10-03,1,114
2018-10-04,-1,114
2018-10-04,0,205
2018-10-04,1,283
2018-10-05,-1,168
2018-10-05,0,261
2018-10-05,1,320
2018-10-06,-1,46
2018-10-06,0,107
2018-10-06,1,218
2018-10-07,-1,16
2018-10-07,0,65
2018-10-07,1,148
2018-10-08,-1,57
2018-10-08,0,95
2018-10-08,1,191
2018-10-09,-1,73
2018-10-09,0,202
2018-10-09,1,288
2018-10-10,-1,98
2018-10-10,0,197
2018-10-10,1,315
2018-10-11,-1,163
2018-10-11,0,362
2018-10-11,1,427
2018-10-12,-1,83
2018-10-12,0,229
2018-10-12,1,336
2018-10-13,-1,42
2018-10-13,0,114
2018-10-13,1,183
2018-10-14,-1,17
2018-10-14,0,57
2018-10-14,1,118
2018-10-15,-1,96
2018-10-15,0,187
2018-10-15,1,245
2018-10-16,-1,90
2018-10-16,0,206
2018-10-16,1,295
2018-10-17,-1,67
2018-10-17,0,185
2018-10-17,1,268
2018-10-18,-1,112
2018-10-18,0,245
2018-10-18,1,278
2018-10-19,-1,94
2018-10-19,0,233
2018-10-19,1,276
2018-10-20,-1,44
2018-10-20,0,125
2018-10-20,1,159
2018-10-21,-1,31
2018-10-21,0,58
2018-10-21,1,105
2018-10-22,-1,78
2018-10-22,0,185
2018-10-22,1,253
2018-10-23,-1,127
2018-10-23,0,277
2018-10-23,1,310
2018-10-24,-1,116
2018-10-24,0,272
2018-10-24,1,352
2018-10-25,-1,149
2018-10-25,0,208
2018-10-25,1,332
2018-10-26,-1,152
2018-10-26,0,288
2018-10-26,1,390
2018-10-27,-1,55
2018-10-27,0,134
2018-10-27,1,210
2018-10-28,-1,23
2018-10-28,0,58
2018-10-28,1,88
2018-10-29,-1,130
2018-10-29,0,318
2018-10-29,1,348
2018-10-30,-1,241
2018-10-30,0,490
2018-10-30,1,504
2018-10-31,-1,138
2018-10-31,0,306
2018-10-31,1,416
2018-11-01,-1,37
2018-11-01,0,92
2018-11-01,1,120
2018-11-02,-1,773
2018-11-02,0,1032
2018-11-02,1,1242
2018-11-03,-1,140
2018-11-03,0,242
2018-11-03,1,336
2018-11-04,-1,54
2018-11-04,0,108
2018-11-04,1,165
2018-11-05,-1,257
2018-11-05,0,410
2018-11-05,1,564
2018-11-06,-1,162
2018-11-06,0,362
2018-11-06,1,432
2018-11-07,-1,112
2018-11-07,0,305
2018-11-07,1,345
2018-11-08,-1,106
2018-11-08,0,283
2018-11-08,1,322
2018-11-09,-1,111
2018-11-09,0,217
2018-11-09,1,334
2018-11-10,-1,74
2018-11-10,0,120
2018-11-10,1,218
2018-11-11,-1,20
2018-11-11,0,55
2018-11-11,1,110
2018-11-12,-1,258
2018-11-12,0,379
2018-11-12,1,385
2018-11-13,-1,387
2018-11-13,0,473
2018-11-13,1,544
2018-11-14,-1,334
2018-11-14,0,497
2018-11-14,1,521
2018-11-15,-1,269
2018-11-15,0,476
2018-11-15,1,568
2018-11-16,-1,143
2018-11-16,0,357
2018-11-16,1,410
2018-11-17,-1,57
2018-11-17,0,140
2018-11-17,1,186
2018-11-18,-1,22
2018-11-18,0,67
2018-11-18,1,121
2018-11-19,-1,257
2018-11-19,0,274
2018-11-19,1,323
2018-11-20,-1,385
2018-11-20,0,492
2018-11-20,1,579
2018-11-21,-1,270
2018-11-21,0,362
2018-11-21,1,480
2018-11-22,-1,93
2018-11-22,0,172
2018-11-22,1,270
2018-11-23,-1,161
2018-11-23,0,257
2018-11-23,1,293
2018-11-24,-1,43
2018-11-24,0,90
2018-11-24,1,156
2018-11-25,-1,56
2018-11-25,0,66
2018-11-25,1,158
2018-11-26,-1,133
2018-11-26,0,274
2018-11-26,1,372
2018-11-27,-1,283
2018-11-27,0,452
2018-11-27,1,604
2018-11-28,-1,146
2018-11-28,0,336
2018-11-28,1,454
2018-11-29,-1,162
2018-11-29,0,351
2018-11-29,1,437
2018-11-30,-1,135
2018-11-30,0,252
2018-11-30,1,316
2018-12-01,-1,65
2018-12-01,0,155
2018-12-01,1,228
2018-12-02,-1,34
2018-12-02,0,94
2018-12-02,1,159
2018-12-03,-1,96
2018-12-03,0,221
2018-12-03,1,305
2018-12-04,-1,198
2018-12-04,0,368
2018-12-04,1,456
2018-12-05,-1,122
2018-12-05,0,208
2018-12-05,1,304
2018-12-06,-1,168
2018-12-06,0,292
2018-12-06,1,355
2018-12-07,-1,173
2018-12-07,0,315
2018-12-07,1,401
2018-12-08,-1,130
2018-12-08,0,285
2018-12-08,1,284
2018-12-09,-1,36
2018-12-09,0,68
2018-12-09,1,126
2018-12-10,-1,310
2018-12-10,0,432
2018-12-10,1,434
2018-12-11,-1,293
2018-12-11,0,428
2018-12-11,1,456
2018-12-12,-1,145
2018-12-12,0,287
2018-12-12,1,362
2018-12-13,-1,198
2018-12-13,0,395
2018-12-13,1,413
2018-12-14,-1,171
2018-12-14,0,275
2018-12-14,1,479
2018-12-15,-1,96
2018-12-15,0,125
2018-12-15,1,271
2018-12-16,-1,51
2018-12-16,0,85
2018-12-16,1,192
2018-12-17,-1,120
2018-12-17,0,205
2018-12-17,1,361
2018-12-18,-1,157
2018-12-18,0,262
2018-12-18,1,453
2018-12-19,-1,149
2018-12-19,0,209
2018-12-19,1,399
2018-12-20,-1,244
2018-12-20,0,335
2018-12-20,1,438
2018-12-21,-1,223
2018-12-21,0,321
2018-12-21,1,415
2018-12-22,-1,143
2018-12-22,0,179
2018-12-22,1,316
2018-12-23,-1,54
2018-12-23,0,62
2018-12-23,1,139
2018-12-24,-1,114
2018-12-24,0,179
2018-12-24,1,264
2018-12-25,-1,55
2018-12-25,0,87
2018-12-25,1,152
2018-12-26,-1,34
2018-12-26,0,48
2018-12-26,1,94
2018-12-27,-1,48
2018-12-27,0,121
2018-12-27,1,183
2018-12-28,-1,91
2018-12-28,0,191
2018-12-28,1,295
2018-12-29,-1,58
2018-12-29,0,85
2018-12-29,1,189
2018-12-30,-1,33
2018-12-30,0,37
2018-12-30,1,138
2018-12-31,-1,72
2018-12-31,0,136
2018-12-31,1,249
2019-01-01,-1,35
2019-01-01,0,96
2019-01-01,1,158
2019-01-02,-1,15
2019-01-02,0,19
2019-01-02,1,48
2019-01-03,-1,1857
2019-01-03,0,1716
2019-01-03,1,2039
2019-01-04,-1,698
2019-01-04,0,725
2019-01-04,1,950
2019-01-05,-1,175
2019-01-05,0,245
2019-01-05,1,367
2019-01-06,-1,79
2019-01-06,0,127
2019-01-06,1,239
2019-01-07,-1,165
2019-01-07,0,306
2019-01-07,1,458
2019-01-08,-1,181
2019-01-08,0,301
2019-01-08,1,529
2019-01-09,-1,299
2019-01-09,0,408
2019-01-09,1,638
2019-01-10,-1,135
2019-01-10,0,233
2019-01-10,1,432
2019-01-11,-1,153
2019-01-11,0,251
2019-01-11,1,411
2019-01-12,-1,59
2019-01-12,0,143
2019-01-12,1,277
2019-01-13,-1,35
2019-01-13,0,74
2019-01-13,1,169
2019-01-14,-1,113
2019-01-14,0,168
2019-01-14,1,285
2019-01-15,-1,159
2019-01-15,0,219
2019-01-15,1,405
2019-01-16,-1,131
2019-01-16,0,297
2019-01-16,1,443
2019-01-17,-1,133
2019-01-17,0,235
2019-01-17,1,428
2019-01-18,-1,155
2019-01-18,0,218
2019-01-18,1,483
2019-01-19,-1,83
2019-01-19,0,121
2019-01-19,1,329
2019-01-20,-1,43
2019-01-20,0,72
2019-01-20,1,230
2019-01-21,-1,42
2019-01-21,0,83
2019-01-21,1,230
2019-01-22,-1,137
2019-01-22,0,184
2019-01-22,1,369
2019-01-23,-1,134
2019-01-23,0,202
2019-01-23,1,438
2019-01-24,-1,136
2019-01-24,0,227
2019-01-24,1,428
2019-01-25,-1,152
2019-01-25,0,230
2019-01-25,1,397
2019-01-26,-1,64
2019-01-26,0,149
2019-01-26,1,322
2019-01-27,-1,49
2019-01-27,0,95
2019-01-27,1,227
2019-01-28,-1,121
2019-01-28,0,226
2019-01-28,1,434
2019-01-29,-1,66
2019-01-29,0,100
2019-01-29,1,149
2019-01-30,-1,659
2019-01-30,0,1166
2019-01-30,1,1437
2019-01-31,-1,199
2019-01-31,0,389
2019-01-31,1,623
2019-02-01,-1,148
2019-02-01,0,253
2019-02-01,1,432
2019-02-02,-1,59
2019-02-02,0,110
2019-02-02,1,282
2019-02-03,-1,39
2019-02-03,0,107
2019-02-03,1,223
2019-02-04,-1,80
2019-02-04,0,185
2019-02-04,1,319
2019-02-05,-1,136
2019-02-05,0,311
2019-02-05,1,549
2019-02-06,-1,157
2019-02-06,0,257
2019-02-06,1,466
2019-02-07,-1,87
2019-02-07,0,233
2019-02-07,1,445
2019-02-08,-1,88
2019-02-08,0,206
2019-02-08,1,387
2019-02-09,-1,44
2019-02-09,0,105
2019-02-09,1,309
2019-02-10,-1,39
2019-02-10,0,76
2019-02-10,1,211
2019-02-11,-1,84
2019-02-11,0,165
2019-02-11,1,322
2019-02-12,-1,107
2019-02-12,0,214
2019-02-12,1,397
2019-02-13,-1,95
2019-02-13,0,197
2019-02-13,1,415
2019-02-14,-1,139
2019-02-14,0,251
2019-02-14,1,372
2019-02-15,-1,134
2019-02-15,0,249
2019-02-15,1,393
2019-02-16,-1,52
2019-02-16,0,110
2019-02-16,1,280
2019-02-17,-1,34
2019-02-17,0,64
2019-02-17,1,204
2019-02-18,-1,57
2019-02-18,0,110
2019-02-18,1,239
2019-02-19,-1,90
2019-02-19,0,168
2019-02-19,1,264
2019-02-20,-1,103
2019-02-20,0,259
2019-02-20,1,365
2019-02-21,-1,105
2019-02-21,0,271
2019-02-21,1,445
2019-02-22,-1,63
2019-02-22,0,172
2019-02-22,1,309
2019-02-23,-1,36
2019-02-23,0,126
2019-02-23,1,304
2019-02-24,-1,50
2019-02-24,0,80
2019-02-24,1,239
2019-02-25,-1,81
2019-02-25,0,185
2019-02-25,1,453
2019-02-26,-1,86
2019-02-26,0,224
2019-02-26,1,510
2019-02-27,-1,64
2019-02-27,0,148
2019-02-27,1,453
2019-02-28,-1,88
2019-02-28,0,213
2019-02-28,1,473
2019-03-01,-1,36
2019-03-01,0,81
2019-03-01,1,182
2019-03-02,-1,37
2019-03-02,0,115
2019-03-02,1,302
2019-03-03,-1,43
2019-03-03,0,77
2019-03-03,1,212
2019-03-04,-1,78
2019-03-04,0,179
2019-03-04,1,411
2019-03-05,-1,76
2019-03-05,0,201
2019-03-05,1,402
2019-03-06,-1,115
2019-03-06,0,177
2019-03-06,1,459
2019-03-07,-1,104
2019-03-07,0,210
2019-03-07,1,438
2019-03-08,-1,89
2019-03-08,0,198
2019-03-08,1,389
2019-03-09,-1,61
2019-03-09,0,102
2019-03-09,1,314
2019-03-10,-1,33
2019-03-10,0,63
2019-03-10,1,216
2019-03-11,-1,93
2019-03-11,0,241
2019-03-11,1,435
2019-03-12,-1,122
2019-03-12,0,367
2019-03-12,1,664
2019-03-13,-1,137
2019-03-13,0,240
2019-03-13,1,534
2019-03-14,-1,116
2019-03-14,0,337
2019-03-14,1,529
2019-03-15,-1,122
2019-03-15,0,339
2019-03-15,1,518
2019-03-16,-1,55
2019-03-16,0,131
2019-03-16,1,336
2019-03-17,-1,24
2019-03-17,0,83
2019-03-17,1,217
2019-03-18,-1,68
2019-03-18,0,218
2019-03-18,1,379
2019-03-19,-1,67
2019-03-19,0,253
2019-03-19,1,521
2019-03-20,-1,69
2019-03-20,0,211
2019-03-20,1,373
2019-03-21,-1,145
2019-03-21,0,490
2019-03-21,1,685
2019-03-22,-1,140
2019-03-22,0,347
2019-03-22,1,568
2019-03-23,-1,54
2019-03-23,0,168
2019-03-23,1,264
2019-03-24,-1,45
2019-03-24,0,102
2019-03-24,1,201
2019-03-25,-1,63
2019-03-25,0,118
2019-03-25,1,153
2019-03-26,-1,310
2019-03-26,0,669
2019-03-26,1,1000
2019-03-27,-1,246
2019-03-27,0,393
2019-03-27,1,569
2019-03-28,-1,94
2019-03-28,0,266
2019-03-28,1,397
2019-03-29,-1,86
2019-03-29,0,227
2019-03-29,1,392
2019-03-30,-1,95
2019-03-30,0,151
2019-03-30,1,237
2019-03-31,-1,31
2019-03-31,0,95
2019-03-31,1,211
2019-04-01,-1,137
2019-04-01,0,176
2019-04-01,1,364
2019-04-02,-1,103
2019-04-02,0,249
2019-04-02,1,377
2019-04-03,-1,128
2019-04-03,0,257
2019-04-03,1,495
2019-04-04,-1,90
2019-04-04,0,219
2019-04-04,1,464
2019-04-05,-1,107
2019-04-05,0,246
2019-04-05,1,482
2019-04-06,-1,53
2019-04-06,0,112
2019-04-06,1,274
2019-04-07,-1,30
2019-04-07,0,54
2019-04-07,1,164
2019-04-08,-1,93
2019-04-08,0,215
2019-04-08,1,405
2019-04-09,-1,155
2019-04-09,0,379
2019-04-09,1,562
2019-04-10,-1,145
2019-04-10,0,303
2019-04-10,1,484
2019-04-11,-1,89
2019-04-11,0,222
2019-04-11,1,431
2019-04-12,-1,107
2019-04-12,0,217
2019-04-12,1,449
2019-04-13,-1,48
2019-04-13,0,99
2019-04-13,1,218
2019-04-14,-1,41
2019-04-14,0,71
2019-04-14,1,178
2019-04-15,-1,78
2019-04-15,0,163
2019-04-15,1,346
2019-04-16,-1,17
2019-04-16,0,49
2019-04-16,1,77
2019-04-17,-1,229
2019-04-17,0,333
2019-04-17,1,609
2019-04-18,-1,129
2019-04-18,0,233
2019-04-18,1,452
2019-04-19,-1,44
2019-04-19,0,110
2019-04-19,1,233
2019-04-20,-1,18
2019-04-20,0,69
2019-04-20,1,146
2019-04-21,-1,27
2019-04-21,0,50
2019-04-21,1,132
2019-04-22,-1,84
2019-04-22,0,189
2019-04-22,1,304
2019-04-23,-1,105
2019-04-23,0,211
2019-04-23,1,433
2019-04-24,-1,128
2019-04-24,0,232
2019-04-24,1,455
2019-04-25,-1,111
2019-04-25,0,204
2019-04-25,1,346
2019-04-26,-1,76
2019-04-26,0,170
2019-04-26,1,371
2019-04-27,-1,53
2019-04-27,0,126
2019-04-27,1,221
2019-04-28,-1,21
2019-04-28,0,95
2019-04-28,1,177
2019-04-29,-1,42
2019-04-29,0,139
2019-04-29,1,202
2019-04-30,-1,202
2019-04-30,0,375
2019-04-30,1,478
2019-05-01,-1,438
2019-05-01,0,1054
2019-05-01,1,1639
2019-05-02,-1,194
2019-05-02,0,366
2019-05-02,1,750
2019-05-03,-1,99
2019-05-03,0,224
2019-05-03,1,502
2019-05-04,-1,32
2019-05-04,0,137
2019-05-04,1,319
2019-05-05,-1,23
2019-05-05,0,74
2019-05-05,1,239
2019-05-06,-1,133
2019-05-06,0,211
2019-05-06,1,450
2019-05-07,-1,107
2019-05-07,0,245
2019-05-07,1,566
2019-05-08,-1,121
2019-05-08,0,211
2019-05-08,1,545
2019-05-09,-1,126
2019-05-09,0,198
2019-05-09,1,556
2019-05-10,-1,137
2019-05-10,0,242
2019-05-10,1,615
2019-05-11,-1,58
2019-05-11,0,109
2019-05-11,1,337
2019-05-12,-1,45
2019-05-12,0,59
2019-05-12,1,213
2019-05-13,-1,169
2019-05-13,0,233
2019-05-13,1,544
2019-05-14,-1,229
2019-05-14,0,314
2019-05-14,1,689
2019-05-15,-1,153
2019-05-15,0,202
2019-05-15,1,569
2019-05-16,-1,119
2019-05-16,0,224
2019-05-16,1,576
2019-05-17,-1,131
2019-05-17,0,194
2019-05-17,1,487
2019-05-18,-1,70
2019-05-18,0,97
2019-05-18,1,300
2019-05-19,-1,21
2019-05-19,0,71
2019-05-19,1,219
2019-05-20,-1,165
2019-05-20,0,173
2019-05-20,1,405
2019-05-21,-1,131
2019-05-21,0,164
2019-05-21,1,374
2019-05-22,-1,216
2019-05-22,0,258
2019-05-22,1,579
2019-05-23,-1,207
2019-05-23,0,302
2019-05-23,1,528
2019-05-24,-1,132
2019-05-24,0,181
2019-05-24,1,491
2019-05-25,-1,45
2019-05-25,0,122
2019-05-25,1,265
2019-05-26,-1,25
2019-05-26,0,34
2019-05-26,1,102
2019-05-27,-1,29
2019-05-27,0,82
2019-05-27,1,206
2019-05-28,-1,127
2019-05-28,0,197
2019-05-28,1,355
2019-05-29,-1,144
2019-05-29,0,269
2019-05-29,1,380
2019-05-30,-1,140
2019-05-30,0,240
2019-05-30,1,300
2019-05-31,-1,136
2019-05-31,0,189
2019-05-31,1,291
2019-06-01,-1,94
2019-06-01,0,115
2019-06-01,1,165
2019-06-02,-1,40
2019-06-02,0,84
2019-06-02,1,109
2019-06-03,-1,91
2019-06-03,0,152
2019-06-03,1,163
2019-06-04,-1,185
2019-06-04,0,359
2019-06-04,1,411
2019-06-05,-1,154
2019-06-05,0,302
2019-06-05,1,351
2019-06-06,-1,91
2019-06-06,0,207
2019-06-06,1,325
2019-06-07,-1,32
2019-06-07,0,84
2019-06-07,1,74
2019-06-08,-1,35
2019-06-08,0,119
2019-06-08,1,171
2019-06-09,-1,21
2019-06-09,0,62
2019-06-09,1,127
2019-06-10,-1,64
2019-06-10,0,166
2019-06-10,1,230
2019-06-11,-1,99
2019-06-11,0,215
2019-06-11,1,268
2019-06-12,-1,76
2019-06-12,0,217
2019-06-12,1,215
2019-06-13,-1,66
2019-06-13,0,169
2019-06-13,1,247
2019-06-14,-1,97
2019-06-14,0,204
2019-06-14,1,246
2019-06-15,-1,31
2019-06-15,0,104
2019-06-15,1,122
2019-06-16,-1,16
2019-06-16,0,51
2019-06-16,1,78
2019-06-17,-1,67
2019-06-17,0,153
2019-06-17,1,192
2019-06-18,-1,23
2019-06-18,0,57
2019-06-18,1,66
2019-06-19,-1,99
2019-06-19,0,214
2019-06-19,1,290
2019-06-20,-1,93
2019-06-20,0,233
2019-06-20,1,293
2019-06-21,-1,81
2019-06-21,0,155
2019-06-21,1,215
2019-06-22,-1,44
2019-06-22,0,94
2019-06-22,1,121
2019-06-23,-1,51
2019-06-23,0,76
2019-06-23,1,74
2019-06-24,-1,107
2019-06-24,0,119
2019-06-24,1,148
2019-06-25,-1,101
2019-06-25,0,191
2019-06-25,1,206
2019-06-26,-1,125
2019-06-26,0,226
2019-06-26,1,269
2019-06-27,-1,95
2019-06-27,0,204
2019-06-27,1,224
2019-06-28,-1,186
2019-06-28,0,319
2019-06-28,1,321
2019-06-29,-1,45
2019-06-29,0,115
2019-06-29,1,129
2019-06-30,-1,22
2019-06-30,0,72
2019-06-30,1,102
2019-07-01,-1,95
2019-07-01,0,177
2019-07-01,1,234
2019-07-02,-1,94
2019-07-02,0,198
2019-07-02,1,195
2019-07-03,-1,65
2019-07-03,0,182
2019-07-03,1,220
2019-07-04,-1,38
2019-07-04,0,120
2019-07-04,1,113
2019-07-05,-1,49
2019-07-05,0,124
2019-07-05,1,151
2019-07-06,-1,23
2019-07-06,0,65
2019-07-06,1,87
2019-07-07,-1,15
2019-07-07,0,86
2019-07-07,1,73
2019-07-08,-1,121
2019-07-08,0,230
2019-07-08,1,259
2019-07-09,-1,103
2019-07-09,0,269
2019-07-09,1,296
2019-07-10,-1,80
2019-07-10,0,189
2019-07-10,1,215
2019-07-11,-1,92
2019-07-11,0,218
2019-07-11,1,195
2019-07-12,-1,56
2019-07-12,0,130
2019-07-12,1,160
2019-07-13,-1,25
2019-07-13,0,88
2019-07-13,1,143
2019-07-14,-1,9
2019-07-14,0,53
2019-07-14,1,68
2019-07-15,-1,68
2019-07-15,0,114
2019-07-15,1,153
2019-07-16,-1,30
2019-07-16,0,61
2019-07-16,1,80
2019-07-17,-1,63
2019-07-17,0,174
2019-07-17,1,193
2019-07-18,-1,85
2019-07-18,0,227
2019-07-18,1,245
2019-07-19,-1,52
2019-07-19,0,170
2019-07-19,1,169
2019-07-20,-1,32
2019-07-20,0,109
2019-07-20,1,88
2019-07-21,-1,8
2019-07-21,0,57
2019-07-21,1,50
2019-07-22,-1,69
2019-07-22,0,155
2019-07-22,1,163
2019-07-23,-1,91
2019-07-23,0,327
2019-07-23,1,265
2019-07-24,-1,92
2019-07-24,0,199
2019-07-24,1,286
2019-07-25,-1,72
2019-07-25,0,233
2019-07-25,1,231
2019-07-26,-1,77
2019-07-26,0,258
2019-07-26,1,257
2019-07-27,-1,27
2019-07-27,0,159
2019-07-27,1,152
2019-07-28,-1,25
2019-07-28,0,78
2019-07-28,1,104
2019-07-29,-1,17
2019-07-29,0,17
2019-07-29,1,25
2019-07-30,-1,110
2019-07-30,0,287
2019-07-30,1,250
2019-07-31,-1,250
2019-07-31,0,652
2019-07-31,1,758
2019-08-01,-1,144
2019-08-01,0,398
2019-08-01,1,414
2019-08-02,-1,176
2019-08-02,0,317
2019-08-02,1,300
2019-08-03,-1,75
2019-08-03,0,136
2019-08-03,1,143
2019-08-04,-1,28
2019-08-04,0,106
2019-08-04,1,86
2019-08-05,-1,112
2019-08-05,0,205
2019-08-05,1,235
2019-08-06,-1,138
2019-08-06,0,309
2019-08-06,1,296
2019-08-07,-1,92
2019-08-07,0,202
2019-08-07,1,254
2019-08-08,-1,99
2019-08-08,0,203
2019-08-08,1,237
2019-08-09,-1,109
2019-08-09,0,160
2019-08-09,1,200
2019-08-10,-1,45
2019-08-10,0,97
2019-08-10,1,87
2019-08-11,-1,47
2019-08-11,0,56
2019-08-11,1,75
2019-08-12,-1,57
2019-08-12,0,88
2019-08-12,1,109
2019-08-13,-1,135
2019-08-13,0,270
2019-08-13,1,279
2019-08-14,-1,160
2019-08-14,0,221
2019-08-14,1,291
2019-08-15,-1,64
2019-08-15,0,108
2019-08-15,1,113
2019-08-16,-1,83
2019-08-16,0,215
2019-08-16,1,250
2019-08-17,-1,53
2019-08-17,0,104
2019-08-17,1,151
2019-08-18,-1,44
2019-08-18,0,64
2019-08-18,1,68
2019-08-19,-1,142
2019-08-19,0,187
2019-08-19,1,315
2019-08-20,-1,161
2019-08-20,0,330
2019-08-20,1,375
2019-08-21,-1,176
2019-08-21,0,285
2019-08-21,1,421
2019-08-22,-1,140
2019-08-22,0,235
2019-08-22,1,357
2019-08-23,-1,171
2019-08-23,0,260
2019-08-23,1,365
2019-08-24,-1,87
2019-08-24,0,156
2019-08-24,1,171
2019-08-25,-1,53
2019-08-25,0,90
2019-08-25,1,84
2019-08-26,-1,124
2019-08-26,0,212
2019-08-26,1,285
2019-08-27,-1,144
2019-08-27,0,234
2019-08-27,1,266
2019-08-28,-1,117
2019-08-28,0,226
2019-08-28,1,292
2019-08-29,-1,110
2019-08-29,0,272
2019-08-29,1,373
2019-08-30,-1,116
2019-08-30,0,220
2019-08-30,1,352
2019-08-31,-1,42
2019-08-31,0,117
2019-08-31,1,172
2019-09-01,-1,35
2019-09-01,0,65
2019-09-01,1,74
2019-09-02,-1,46
2019-09-02,0,99
2019-09-02,1,119
2019-09-03,-1,115
2019-09-03,0,236
2019-09-03,1,278
2019-09-04,-1,169
2019-09-04,0,255
2019-09-04,1,391
2019-09-05,-1,135
2019-09-05,0,242
2019-09-05,1,432
2019-09-06,-1,37
2019-09-06,0,66
2019-09-06,1,105
2019-09-07,-1,46
2019-09-07,0,158
2019-09-07,1,168
2019-09-08,-1,30
2019-09-08,0,68
2019-09-08,1,114
2019-09-09,-1,120
2019-09-09,0,263
2019-09-09,1,241
2019-09-10,-1,182
2019-09-10,0,557
2019-09-10,1,436
2019-09-11,-1,260
2019-09-11,0,661
2019-09-11,1,705
2019-09-12,-1,151
2019-09-12,0,434
2019-09-12,1,401
2019-09-13,-1,230
2019-09-13,0,336
2019-09-13,1,397
2019-09-14,-1,160
2019-09-14,0,173
2019-09-14,1,206
2019-09-15,-1,36
2019-09-15,0,103
2019-09-15,1,88
2019-09-16,-1,66
2019-09-16,0,147
2019-09-16,1,142
2019-09-17,-1,85
2019-09-17,0,221
2019-09-17,1,229
2019-09-18,-1,101
2019-09-18,0,232
2019-09-18,1,232
2019-09-19,-1,114
2019-09-19,0,262
2019-09-19,1,258
2019-09-20,-1,111
2019-09-20,0,253
2019-09-20,1,272
2019-09-21,-1,69
2019-09-21,0,137
2019-09-21,1,160
2019-09-22,-1,39
2019-09-22,0,64
2019-09-22,1,98
2019-09-23,-1,63
2019-09-23,0,143
2019-09-23,1,182
2019-09-24,-1,117
2019-09-24,0,294
2019-09-24,1,258
2019-09-25,-1,99
2019-09-25,0,184
2019-09-25,1,208
2019-09-26,-1,86
2019-09-26,0,185
2019-09-26,1,259
2019-09-27,-1,95
2019-09-27,0,188
2019-09-27,1,210
2019-09-28,-1,32
2019-09-28,0,123
2019-09-28,1,102
2019-09-29,-1,13
2019-09-29,0,77
2019-09-29,1,67
2019-09-30,-1,86
2019-09-30,0,240
2019-09-30,1,285
2019-10-01,-1,124
2019-10-01,0,329
2019-10-01,1,367
2019-10-02,-1,115
2019-10-02,0,204
2019-10-02,1,255
2019-10-03,-1,100
2019-10-03,0,235
2019-10-03,1,250
2019-10-04,-1,102
2019-10-04,0,298
2019-10-04,1,371
2019-10-05,-1,67
2019-10-05,0,175
2019-10-05,1,173
2019-10-06,-1,23
2019-10-06,0,77
2019-10-06,1,72
2019-10-07,-1,117
2019-10-07,0,244
2019-10-07,1,264
2019-10-08,-1,118
2019-10-08,0,278
2019-10-08,1,282
2019-10-09,-1,144
2019-10-09,0,259
2019-10-09,1,258
2019-10-10,-1,160
2019-10-10,0,338
2019-10-10,1,291
2019-10-11,-1,150
2019-10-11,0,355
2019-10-11,1,369
2019-10-12,-1,94
2019-10-12,0,221
2019-10-12,1,211
2019-10-13,-1,23
2019-10-13,0,94
2019-10-13,1,80
2019-10-14,-1,81
2019-10-14,0,202
2019-10-14,1,218
2019-10-15,-1,94
2019-10-15,0,307
2019-10-15,1,261
2019-10-16,-1,109
2019-10-16,0,207
2019-10-16,1,215
2019-10-17,-1,120
2019-10-17,0,213
2019-10-17,1,239
2019-10-18,-1,108
2019-10-18,0,192
2019-10-18,1,233
2019-10-19,-1,41
2019-10-19,0,73
2019-10-19,1,90
2019-10-20,-1,22
2019-10-20,0,53
2019-10-20,1,65
2019-10-21,-1,133
2019-10-21,0,262
2019-10-21,1,274
2019-10-22,-1,166
2019-10-22,0,300
2019-10-22,1,319
2019-10-23,-1,146
2019-10-23,0,272
2019-10-23,1,292
2019-10-24,-1,150
2019-10-24,0,214
2019-10-24,1,259
2019-10-25,-1,116
2019-10-25,0,202
2019-10-25,1,255
2019-10-26,-1,74
2019-10-26,0,186
2019-10-26,1,186
2019-10-27,-1,27
2019-10-27,0,85
2019-10-27,1,87
2019-10-28,-1,128
2019-10-28,0,259
2019-10-28,1,377
2019-10-29,-1,32
2019-10-29,0,99
2019-10-29,1,98
2019-10-30,-1,105
2019-10-30,0,318
2019-10-30,1,326
2019-10-31,-1,299
2019-10-31,0,697
2019-10-31,1,695
2019-11-01,-1,132
2019-11-01,0,287
2019-11-01,1,338
2019-11-02,-1,78
2019-11-02,0,150
2019-11-02,1,224
2019-11-03,-1,36
2019-11-03,0,79
2019-11-03,1,113
2019-11-04,-1,117
2019-11-04,0,176
2019-11-04,1,195
2019-11-05,-1,73
2019-11-05,0,214
2019-11-05,1,233
2019-11-06,-1,66
2019-11-06,0,186
2019-11-06,1,230
2019-11-07,-1,87
2019-11-07,0,226
2019-11-07,1,221
2019-11-08,-1,102
2019-11-08,0,238
2019-11-08,1,260
2019-11-09,-1,44
2019-11-09,0,111
2019-11-09,1,125
2019-11-10,-1,19
2019-11-10,0,70
2019-11-10,1,103
2019-11-11,-1,84
2019-11-11,0,139
2019-11-11,1,196
2019-11-12,-1,82
2019-11-12,0,241
2019-11-12,1,247
2019-11-13,-1,102
2019-11-13,0,242
2019-11-13,1,331
2019-11-14,-1,145
2019-11-14,0,318
2019-11-14,1,328
2019-11-15,-1,103
2019-11-15,0,258
2019-11-15,1,274
2019-11-16,-1,48
2019-11-16,0,143
2019-11-16,1,138
2019-11-17,-1,33
2019-11-17,0,70
2019-11-17,1,78
2019-11-18,-1,33
2019-11-18,0,81
2019-11-18,1,110
2019-11-19,-1,86
2019-11-19,0,246
2019-11-19,1,253
2019-11-20,-1,120
2019-11-20,0,230
2019-11-20,1,264
2019-11-21,-1,132
2019-11-21,0,247
2019-11-21,1,322
2019-11-22,-1,16
2019-11-22,0,58
2019-11-22,1,54
2019-11-23,-1,31
2019-11-23,0,65
2019-11-23,1,88
2019-11-24,-1,48
2019-11-24,0,85
2019-11-24,1,59
2019-11-25,-1,54
2019-11-25,0,129
2019-11-25,1,186
2019-11-26,-1,66
2019-11-26,0,158
2019-11-26,1,192
2019-11-27,-1,76
2019-11-27,0,170
2019-11-27,1,162
2019-11-28,-1,48
2019-11-28,0,131
2019-11-28,1,168
2019-11-29,-1,43
2019-11-29,0,98
2019-11-29,1,105
2019-11-30,-1,17
2019-11-30,0,73
2019-11-30,1,80
2019-12-01,-1,24
2019-12-01,0,42
2019-12-01,1,80
2019-12-02,-1,54
2019-12-02,0,160
2019-12-02,1,196
2019-12-03,-1,91
2019-12-03,0,225
2019-12-03,1,256
2019-12-04,-1,74
2019-12-04,0,172
2019-12-04,1,222
2019-12-05,-1,46
2019-12-05,0,164
2019-12-05,1,174
2019-12-06,-1,89
2019-12-06,0,268
2019-12-06,1,310
2019-12-07,-1,30
2019-12-07,0,121
2019-12-07,1,152
2019-12-08,-1,20
2019-12-08,0,65
2019-12-08,1,74
2019-12-09,-1,78
2019-12-09,0,192
2019-12-09,1,203
2019-12-10,-1,91
2019-12-10,0,289
2019-12-10,1,236
2019-12-11,-1,26
2019-12-11,0,65
2019-12-11,1,52
2019-12-12,-1,114
2019-12-12,0,243
2019-12-12,1,289
2019-12-13,-1,105
2019-12-13,0,243
2019-12-13,1,277
2019-12-14,-1,81
2019-12-14,0,135
2019-12-14,1,155
2019-12-15,-1,33
2019-12-15,0,59
2019-12-15,1,69
2019-12-16,-1,86
2019-12-16,0,232
2019-12-16,1,275
2019-12-17,-1,98
2019-12-17,0,228
2019-12-17,1,235
2019-12-18,-1,99
2019-12-18,0,201
2019-12-18,1,288
2019-12-19,-1,90
2019-12-19,0,235
2019-12-19,1,253
2019-12-20,-1,34
2019-12-20,0,148
2019-12-20,1,183
2019-12-21,-1,46
2019-12-21,0,124
2019-12-21,1,160
2019-12-22,-1,19
2019-12-22,0,81
2019-12-22,1,82
2019-12-23,-1,91
2019-12-23,0,200
2019-12-23,1,191
2019-12-24,-1,63
2019-12-24,0,186
2019-12-24,1,219
2019-12-25,-1,26
2019-12-25,0,68
2019-12-25,1,85
2019-12-26,-1,54
2019-12-26,0,167
2019-12-26,1,201
2019-12-27,-1,74
2019-12-27,0,174
2019-12-27,1,193
2019-12-28,-1,50
2019-12-28,0,151
2019-12-28,1,183
2019-12-29,-1,23
2019-12-29,0,76
2019-12-29,1,89
2019-12-30,-1,75
2019-12-30,0,234
2019-12-30,1,261
2019-12-31,-1,94
2019-12-31,0,284
2019-12-31,1,318
2020-01-01,-1,26
2020-01-01,0,93
2020-01-01,1,88
